line_id,bus0_id,bus1_id,voltage_kv,length_pdf,in_csv,geometry,connection_type,length_km,r_pu,x_pu,b_pu,rating_mva,is_transformer
271E,1,2,66,100.036,False,"[[301.68, 1024.081], [301.843, 1023.594], [302.007, 1023.106], [302.173, 1022.616], [302.34, 1022.124], [302.509, 1021.632], [302.678, 1021.139], [302.848, 1020.645], [303.018, 1020.151], [303.189, 1019.656], [303.36, 1019.161], [303.531, 1018.666], [303.702, 1018.171], [303.872, 1017.677], [304.042, 1017.183], [304.211, 1016.69], [304.38, 1016.197], [304.547, 1015.706], [304.713, 1015.216], [304.877, 1014.728], [305.04, 1014.241], [337.92, 1013.161], [380.88, 1010.281], [388.92, 1012.561], [389.011, 1012.812], [389.103, 1013.062], [389.198, 1013.31], [389.293, 1013.556], [389.391, 1013.802], [389.489, 1014.047], [389.589, 1014.291], [389.69, 1014.535], [389.792, 1014.778], [389.895, 1015.021], [389.999, 1015.264], [390.104, 1015.507], [390.209, 1015.751], [390.315, 1015.995], [390.422, 1016.24], [390.529, 1016.485], [390.636, 1016.732], [390.744, 1016.98], [390.852, 1017.23], [390.96, 1017.481]]",actual,22.0079,0.015157,0.193504,0.00262674,50.0,
261P,1,55,66,102.044,False,"[[301.68, 936.84], [301.68, 978.481], [298.32, 990.841], [298.32, 997.321], [287.76, 1020.121], [293.64, 1019.401], [302.28, 1024.561]]",actual,22.4497,0.015461,0.197388,0.00267947,50.0,
273B,1,91,66,44.037,False,"[[304.08, 1023.961], [304.08, 1035.601], [315.96, 1039.441], [315.24, 1045.921], [319.2, 1053.001], [324.48, 1053.001]]",actual,9.6881,0.006672,0.085183,0.00115632,50.0,
2711,1,220,33,126.416,False,"[[183.24, 1016.401], [189.84, 1015.201], [189.12, 1018.921], [193.08, 1018.921], [204.24, 1022.761], [208.2, 1020.841], [223.32, 1026.601], [243.12, 1027.801], [273.96, 1030.441], [302.28, 1025.281]]",actual,27.8115,0.144804,0.996005,0.0009086,20.0,
L0001,2,56,66,59.985,False,"[[391.2, 1018.801], [396.84, 1024.561], [398.64, 1030.321], [397.32, 1038.481], [406.92, 1042.201], [406.902, 1042.487], [406.884, 1042.77], [406.866, 1043.051], [406.848, 1043.329], [406.83, 1043.605], [406.812, 1043.88], [406.794, 1044.154], [406.776, 1044.428], [406.758, 1044.702], [406.74, 1044.976], [406.722, 1045.251], [406.704, 1045.527], [406.686, 1045.806], [406.668, 1046.086], [406.65, 1046.369], [406.632, 1046.655], [406.614, 1046.945], [406.596, 1047.239], [406.578, 1047.538], [406.56, 1047.841], [417.96, 1052.761], [417.925, 1052.308], [417.891, 1051.851], [417.859, 1051.39], [417.828, 1050.925], [417.799, 1050.457], [417.77, 1049.986], [417.742, 1049.515], [417.714, 1049.042], [417.687, 1048.569], [417.66, 1048.096], [417.633, 1047.624], [417.606, 1047.154], [417.578, 1046.685], [417.55, 1046.22], [417.521, 1045.758], [417.492, 1045.3], [417.461, 1044.847], [417.429, 1044.399], [417.395, 1043.956], [417.36, 1043.521]]",actual,13.1967,0.009089,0.116032,0.00157508,50.0,
272G,2,116,66,30.405,False,"[[390.96, 1020.001], [375.0, 1034.041], [375.72, 1024.921]]",actual,6.6891,0.004607,0.058814,0.00079837,50.0,
L0002,2,229,33,25.02,False,"[[401.4, 999.361], [396.12, 1011.841], [393.6, 1017.121], [388.32, 1019.041]]",actual,5.5044,0.028659,0.197127,0.00017983,20.0,
L0003,3,4,66,61.8,False,"[[121.44, 745.32], [167.76, 763.92], [179.16, 760.56]]",actual,13.596,0.009364,0.119542,0.00162274,50.0,
L0004,3,199,66,27.427,False,"[[93.72, 746.88], [121.08, 744.96]]",actual,6.0339,0.004156,0.053053,0.00072018,50.0,
221M,4,200,66,21.23,False,"[[180.6, 759.12], [195.0, 743.52]]",actual,4.6706,0.003217,0.041066,0.00055746,50.0,
L0005,5,6,66,57.648,False,"[[159.36, 721.32], [208.44, 751.56]]",actual,12.6826,0.008735,0.111511,0.00151372,50.0,
L0006,5,151,66,21.542,False,"[[153.6, 695.64], [158.4, 716.64]]",actual,4.7392,0.003264,0.04167,0.00056565,50.0,
231D,6,148,66,52.055,False,"[[228.72, 717.6], [231.12, 742.44], [227.4, 750.48], [209.16, 750.6]]",actual,11.4521,0.007887,0.100692,0.00136686,50.0,
221J,6,152,66,54.086,False,"[[209.16, 752.88], [228.0, 752.88], [232.68, 769.56], [226.44, 786.36]]",actual,11.8989,0.008195,0.104621,0.00142019,50.0,
L0007,7,8,66,14.674,False,"[[160.44, 761.16], [169.68, 749.76]]",actual,3.2283,0.002223,0.028385,0.00038531,50.0,
282B,9,10,66,34.658,False,"[[666.36, 630.24], [684.24, 623.04], [699.6, 623.88]]",actual,7.6248,0.005251,0.06704,0.00091005,50.0,
282M,9,11,66,225.876,False,"[[667.08, 631.44], [667.08, 668.52], [670.32, 676.32], [670.356, 677.617], [670.392, 678.915], [670.428, 680.215], [670.464, 681.516], [670.5, 682.819], [670.536, 684.122], [670.572, 685.426], [670.608, 686.73], [670.644, 688.035], [670.68, 689.34], [670.716, 690.645], [670.752, 691.95], [670.788, 693.254], [670.824, 694.558], [670.86, 695.861], [670.896, 697.164], [670.932, 698.465], [670.968, 699.765], [671.004, 701.063], [671.04, 702.36], [680.28, 721.2], [680.28, 775.8], [690.24, 795.36], [673.68, 805.8], [667.08, 842.4]]",actual,49.6927,0.034224,0.436922,0.00593104,50.0,
L0008,9,50,66,34.732,False,"[[637.2, 639.36], [648.6, 639.36], [655.92, 629.04], [666.6, 629.04]]",actual,7.641,0.005262,0.067184,0.00091199,50.0,
292F,11,30,66,19.953,False,"[[644.52, 845.04], [653.76, 841.92], [663.96, 841.92]]",actual,4.3897,0.003023,0.038596,0.00052393,50.0,
292H,11,31,66,34.515,False,"[[665.64, 844.44], [654.6, 844.44], [646.2, 846.96], [633.0, 853.44]]",actual,7.5933,0.00523,0.066764,0.00090629,50.0,
292C,11,27,66,160.205,False,"[[668.28, 864.84], [666.36, 869.64], [641.52, 894.36], [601.44, 900.6], [594.6, 910.2], [594.473, 910.614], [594.345, 911.028], [594.215, 911.442], [594.084, 911.856], [593.951, 912.27], [593.818, 912.684], [593.684, 913.098], [593.55, 913.512], [593.415, 913.926], [593.28, 914.34], [593.145, 914.754], [593.01, 915.168], [592.876, 915.582], [592.742, 915.996], [592.609, 916.41], [592.476, 916.824], [592.345, 917.238], [592.215, 917.652], [592.087, 918.066], [591.96, 918.48], [588.72, 924.24], [584.16, 937.08], [584.16, 955.561], [580.8, 964.561], [585.36, 974.161]]",actual,35.2451,0.024273,0.309891,0.00420666,50.0,
L0009,12,13,66,21.12,False,"[[666.84, 666.48], [687.96, 666.48]]",actual,4.6464,0.0032,0.040853,0.00055457,50.0,
282N,15,16,66,10.8,False,"[[690.96, 721.56], [680.16, 721.56]]",actual,2.376,0.001636,0.020891,0.00028359,50.0,
221B,17,18,66,120.1,False,"[[87.12, 666.72], [92.64, 678.36], [93.96, 751.08], [96.96, 760.08], [93.24, 784.8]]",actual,26.422,0.018197,0.232315,0.00315358,50.0,
L0010,17,151,66,83.604,False,"[[87.12, 662.64], [100.56, 669.48], [112.44, 666.48], [118.44, 677.76], [129.24, 680.52], [129.312, 680.377], [129.384, 680.235], [129.456, 680.095], [129.528, 679.956], [129.6, 679.819], [129.672, 679.682], [129.744, 679.546], [129.816, 679.41], [129.888, 679.275], [129.96, 679.14], [130.032, 679.005], [130.104, 678.87], [130.176, 678.734], [130.248, 678.598], [130.32, 678.461], [130.392, 678.324], [130.464, 678.185], [130.536, 678.045], [130.608, 677.903], [130.68, 677.76], [142.92, 677.76], [143.529, 678.263], [144.134, 678.799], [144.734, 679.364], [145.331, 679.954], [145.924, 680.565], [146.514, 681.194], [147.103, 681.838], [147.689, 682.493], [148.275, 683.155], [148.86, 683.82], [149.445, 684.485], [150.031, 685.147], [150.617, 685.802], [151.206, 686.446], [151.796, 687.075], [152.389, 687.686], [152.986, 688.276], [153.586, 688.841], [154.191, 689.377], [154.8, 689.88]]",actual,18.3929,0.012667,0.161719,0.00219527,50.0,
222B,17,207,66,26.01,False,"[[101.04, 648.96], [104.88, 659.16], [90.12, 662.4]]",actual,5.7222,0.003941,0.050312,0.00068297,50.0,
221H,18,152,66,129.0,False,"[[98.16, 786.36], [227.16, 786.36]]",actual,28.38,0.019545,0.24953,0.00338728,50.0,
231C,19,20,66,18.026,False,"[[139.2, 768.84], [138.24, 786.84]]",actual,3.9657,0.002731,0.034868,0.00047333,50.0,
231A,19,193,66,11.702,False,"[[138.24, 776.28], [126.6, 775.08]]",actual,2.5744,0.001773,0.022636,0.00030727,50.0,
L0011,21,22,66,26.762,False,"[[416.88, 603.84], [420.72, 614.88], [417.72, 618.72], [407.52, 618.72]]",actual,5.8876,0.004055,0.051767,0.00070272,50.0,
L0012,21,69,66,19.107,False,"[[400.8, 570.6], [413.76, 584.64]]",actual,4.2035,0.002895,0.036959,0.00050171,50.0,
L0013,22,67,66,31.079,False,"[[381.12, 603.12], [408.0, 618.72]]",actual,6.8374,0.004709,0.060117,0.00081607,50.0,
L0014,22,76,66,28.174,False,"[[408.84, 621.6], [418.2, 621.6], [420.12, 630.72], [417.48, 639.84]]",actual,6.1983,0.004269,0.054498,0.00073979,50.0,
L0015,22,65,66,10.885,False,"[[400.08, 613.68], [397.44, 624.24]]",actual,2.3947,0.001649,0.021055,0.00028582,50.0,
221C,23,24,66,31.082,False,"[[121.8, 678.96], [121.44, 710.04]]",actual,6.838,0.004709,0.060123,0.00081615,50.0,
L0016,25,26,66,55.926,False,"[[299.52, 909.24], [299.76, 933.84], [301.08, 936.36], [317.76, 939.36], [329.04, 936.96]]",actual,12.3037,0.008474,0.10818,0.0014685,50.0,
261A,25,26,66,41.234,False,"[[301.92, 906.24], [311.28, 906.84], [311.682, 907.577], [312.164, 908.449], [312.718, 909.445], [313.339, 910.553], [314.019, 911.764], [314.752, 913.065], [315.531, 914.446], [316.349, 915.897], [317.199, 917.405], [318.075, 918.96], [318.97, 920.551], [319.877, 922.167], [320.789, 923.798], [321.7, 925.431], [322.603, 927.056], [323.491, 928.663], [324.358, 930.239], [325.196, 931.775], [325.999, 933.259], [326.76, 934.68]]",actual,9.0715,0.006248,0.079761,0.00108272,50.0,
L0017,25,126,66,17.141,False,"[[300.12, 905.76], [288.12, 903.6], [285.0, 907.44]]",actual,3.771,0.002597,0.033157,0.00045009,50.0,
L0018,25,126,66,12.241,False,"[[287.04, 917.16], [299.28, 917.04]]",actual,2.693,0.001855,0.023678,0.00032142,50.0,
L0019,25,93,66,34.786,False,"[[302.76, 902.52], [309.36, 902.52], [307.92, 895.44], [310.56, 884.64], [320.4, 884.4]]",actual,7.6529,0.005271,0.067288,0.00091341,50.0,
261B,25,129,66,13.081,False,"[[307.8, 895.2], [320.88, 895.08]]",actual,2.8778,0.001982,0.025303,0.00034348,50.0,
L0020,25,203,66,26.818,False,"[[301.68, 903.72], [287.52, 899.76], [280.8, 889.68]]",actual,5.9,0.004063,0.051875,0.00070419,50.0,
261C,26,127,66,62.376,False,"[[330.72, 936.84], [335.76, 936.24], [339.0, 931.2], [381.84, 931.2], [381.894, 930.786], [381.948, 930.372], [382.002, 929.958], [382.056, 929.543], [382.11, 929.128], [382.164, 928.713], [382.218, 928.297], [382.272, 927.88], [382.326, 927.463], [382.38, 927.045], [382.434, 926.626], [382.488, 926.206], [382.542, 925.785], [382.596, 925.363], [382.65, 924.939], [382.704, 924.515], [382.758, 924.088], [382.812, 923.661], [382.866, 923.231], [382.92, 922.8]]",actual,13.7227,0.009451,0.120657,0.00163787,50.0,
L0021,27,28,66,24.726,False,"[[585.48, 977.041], [577.8, 981.841], [577.92, 987.601], [578.373, 987.745], [578.833, 987.889], [579.299, 988.033], [579.77, 988.177], [580.245, 988.321], [580.724, 988.465], [581.205, 988.609], [581.689, 988.753], [582.174, 988.897], [582.66, 989.041], [583.146, 989.185], [583.631, 989.329], [584.115, 989.473], [584.596, 989.617], [585.075, 989.761], [585.55, 989.905], [586.021, 990.049], [586.487, 990.193], [586.946, 990.337], [587.4, 990.481]]",actual,5.4397,0.003746,0.047829,0.00064925,50.0,
L0022,27,52,66,11.753,False,"[[577.08, 964.681], [582.24, 975.241]]",actual,2.5857,0.001781,0.022734,0.00030861,50.0,
293A,27,108,66,26.989,False,"[[584.88, 977.281], [595.92, 974.281], [595.742, 974.298], [595.708, 974.314], [595.81, 974.327], [596.041, 974.34], [596.392, 974.35], [596.857, 974.36], [597.428, 974.368], [598.097, 974.375], [598.857, 974.381], [599.7, 974.386], [600.619, 974.39], [601.605, 974.393], [602.652, 974.396], [603.752, 974.398], [604.897, 974.399], [606.081, 974.4], [607.294, 974.401], [608.53, 974.401], [609.781, 974.401], [611.04, 974.401]]",actual,5.9376,0.004089,0.052206,0.00070868,50.0,
L0023,27,59,66,39.173,False,"[[581.88, 975.241], [574.08, 979.681], [572.76, 986.641], [564.96, 985.801], [556.68, 988.441], [558.36, 994.801]]",actual,8.6181,0.005935,0.075774,0.0010286,50.0,
292J,30,31,66,33.615,False,"[[644.88, 844.68], [629.4, 852.12], [629.4, 868.56]]",actual,7.3953,0.005093,0.065023,0.00088266,50.0,
L0024,31,32,66,129.387,False,"[[528.36, 836.64], [521.04, 840.48], [520.985, 840.68], [520.929, 840.883], [520.87, 841.089], [520.811, 841.297], [520.749, 841.508], [520.687, 841.72], [520.623, 841.934], [520.558, 842.148], [520.492, 842.364], [520.425, 842.58], [520.357, 842.796], [520.288, 843.012], [520.219, 843.226], [520.149, 843.44], [520.078, 843.652], [520.007, 843.863], [519.936, 844.071], [519.864, 844.277], [519.792, 844.48], [519.72, 844.68], [526.44, 846.6], [545.16, 845.88], [557.88, 855.96], [573.12, 862.32], [588.84, 859.2], [604.56, 864.72], [617.28, 867.72], [629.76, 868.32]]",actual,28.4651,0.019604,0.250279,0.00339744,50.0,
292G,31,51,66,65.631,False,"[[632.64, 869.16], [632.571, 869.622], [632.509, 870.073], [632.453, 870.513], [632.401, 870.945], [632.353, 871.369], [632.308, 871.787], [632.266, 872.199], [632.225, 872.608], [632.185, 873.015], [632.145, 873.42], [632.104, 873.825], [632.061, 874.232], [632.016, 874.641], [631.967, 875.053], [631.914, 875.471], [631.857, 875.895], [631.793, 876.327], [631.723, 876.768], [631.646, 877.218], [631.56, 877.68], [631.541, 878.059], [631.521, 878.439], [631.499, 878.821], [631.476, 879.204], [631.451, 879.589], [631.426, 879.974], [631.4, 880.36], [631.374, 880.746], [631.347, 881.133], [631.32, 881.52], [631.293, 881.907], [631.266, 882.294], [631.24, 882.68], [631.214, 883.066], [631.189, 883.451], [631.164, 883.836], [631.141, 884.219], [631.119, 884.601], [631.099, 884.981], [631.08, 885.36], [625.2, 891.84], [599.88, 894.36], [591.12, 906.72]]",actual,14.4388,0.009944,0.126953,0.00172334,50.0,
L0025,32,123,66,118.304,False,"[[428.52, 808.8], [428.502, 809.231], [428.484, 809.661], [428.466, 810.088], [428.448, 810.515], [428.43, 810.939], [428.412, 811.363], [428.394, 811.785], [428.376, 812.206], [428.358, 812.626], [428.34, 813.045], [428.322, 813.463], [428.304, 813.88], [428.286, 814.297], [428.268, 814.713], [428.25, 815.128], [428.232, 815.543], [428.214, 815.958], [428.196, 816.372], [428.178, 816.786], [428.16, 817.2], [443.04, 820.8], [449.52, 816.84], [490.8, 833.04], [500.16, 838.92], [514.92, 843.12], [518.16, 836.64], [526.56, 833.4]]",actual,26.0269,0.017925,0.228841,0.00310642,50.0,
L0026,32,233,33,41.97,False,"[[534.84, 807.84], [539.04, 808.56], [543.72, 808.56], [542.4, 811.92], [540.36, 820.56], [533.52, 827.16], [525.96, 835.2]]",actual,9.2334,0.048075,0.330673,0.00030166,20.0,
L0027,33,34,66,71.58,False,"[[562.08, 187.44], [581.76, 222.6], [590.64, 252.6]]",actual,15.7476,0.010845,0.13846,0.00187955,50.0,
L0028,34,35,66,17.496,False,"[[590.64, 252.6], [606.36, 244.92]]",actual,3.8491,0.002651,0.033843,0.00045941,50.0,
281P,34,190,66,30.12,False,"[[590.76, 252.36], [587.28, 253.08], [563.4, 264.72]]",actual,6.6264,0.004564,0.058262,0.00079089,50.0,
L0029,34,191,66,26.214,False,"[[594.0, 250.92], [592.32, 224.76]]",actual,5.7671,0.003972,0.050707,0.00068833,50.0,
L0030,34,192,66,14.869,False,"[[597.0, 249.84], [598.8, 235.08]]",actual,3.2712,0.002253,0.028762,0.00039043,50.0,
281F,35,47,66,102.44,False,"[[609.48, 246.72], [593.28, 257.88], [601.68, 267.84], [607.68, 278.52], [609.6, 290.64], [613.56, 291.84], [618.12, 301.44], [618.12, 305.88], [623.16, 319.2], [623.195, 319.452], [623.229, 319.704], [623.261, 319.956], [623.291, 320.208], [623.321, 320.46], [623.35, 320.712], [623.378, 320.964], [623.406, 321.216], [623.433, 321.468], [623.46, 321.72], [623.487, 321.972], [623.514, 322.224], [623.542, 322.476], [623.57, 322.728], [623.599, 322.98], [623.628, 323.232], [623.659, 323.484], [623.691, 323.736], [623.725, 323.988], [623.76, 324.24], [617.28, 325.92]]",actual,22.5368,0.015521,0.198154,0.00268987,50.0,
L0031,36,37,66,29.618,False,"[[666.84, 645.24], [674.88, 653.4], [686.88, 653.4], [686.16, 647.28]]",actual,6.516,0.004488,0.057291,0.00077771,50.0,
L0032,38,39,66,37.671,False,"[[414.6, 427.44], [409.44, 435.12], [409.438, 435.472], [409.433, 435.844], [409.426, 436.233], [409.416, 436.638], [409.404, 437.055], [409.391, 437.483], [409.378, 437.92], [409.363, 438.363], [409.349, 438.81], [409.335, 439.26], [409.322, 439.71], [409.31, 440.157], [409.301, 440.6], [409.293, 441.037], [409.288, 441.465], [409.286, 441.882], [409.288, 442.287], [409.294, 442.676], [409.305, 443.048], [409.32, 443.4], [405.6, 450.0], [396.84, 459.0]]",actual,8.2876,0.005708,0.072869,0.00098916,50.0,
212B,38,72,66,67.937,False,"[[414.84, 427.08], [421.44, 429.48], [454.32, 425.52], [462.96, 427.92], [470.76, 423.96], [480.72, 425.52]]",actual,14.9461,0.010293,0.131413,0.00178389,50.0,
L0033,38,82,66,69.117,False,"[[415.56, 425.52], [416.16, 417.36], [417.96, 406.92], [421.8, 396.72], [422.64, 383.16], [425.16, 372.96], [427.44, 368.64], [437.88, 367.92]]",actual,15.2057,0.010472,0.133696,0.00181487,50.0,
223F,39,73,66,84.66,False,"[[351.48, 518.04], [363.12, 518.16], [366.6, 507.0], [366.84, 498.96], [374.4, 477.0], [383.76, 474.24], [387.6, 469.2], [396.6, 458.52]]",actual,18.6252,0.012827,0.163762,0.002223,50.0,
223Q,40,41,66,57.086,False,"[[311.16, 479.16], [318.36, 477.24], [326.28, 477.84], [331.56, 482.28], [348.72, 486.72], [354.72, 484.2], [365.28, 484.2]]",actual,12.5589,0.008649,0.110424,0.00149896,50.0,
L0034,40,42,66,39.0,False,"[[269.28, 482.52], [308.28, 482.52]]",actual,8.58,0.005909,0.075439,0.00102406,50.0,
L0035,40,42,33,42.12,False,"[[266.64, 479.64], [308.76, 479.64]]",actual,9.2664,0.048247,0.331855,0.00030273,20.0,
L0036,40,213,33,70.33,False,"[[310.2, 479.4], [308.88, 474.72], [302.04, 470.88], [300.72, 463.56], [298.68, 461.64], [296.64, 453.12], [301.44, 446.52], [300.0, 442.56], [304.08, 439.32], [302.04, 430.8], [298.68, 428.76], [299.4, 424.92], [297.96, 420.72]]",actual,15.4726,0.08056,0.554115,0.00050549,20.0,
223M,42,43,66,33.627,False,"[[235.08, 499.68], [267.48, 490.68]]",actual,7.3979,0.005095,0.065046,0.00088298,50.0,
223K,42,217,33,18.323,False,"[[266.64, 479.64], [262.32, 479.64], [258.0, 475.44], [252.24, 469.92]]",actual,4.0311,0.020988,0.144363,0.00013169,20.0,
L0037,42,221,33,10.991,False,"[[253.56, 488.16], [264.36, 486.12]]",actual,2.418,0.01259,0.086596,7.9e-05,20.0,
223J,42,238,33,26.183,False,"[[256.32, 454.8], [258.6, 467.4], [264.0, 479.64]]",actual,5.7603,0.029991,0.20629,0.00018819,20.0,
L0038,44,45,66,43.26,False,"[[439.8, 547.8], [446.04, 548.64], [449.52, 551.16], [458.04, 551.16], [463.32, 546.36], [465.84, 545.04], [469.2, 545.64], [472.44, 542.04], [478.32, 541.44]]",actual,9.5172,0.006555,0.08368,0.00113592,50.0,
L0039,44,143,66,76.863,False,"[[361.56, 550.92], [376.68, 547.32], [438.0, 547.32]]",actual,16.9099,0.011646,0.148679,0.00201827,50.0,
L0040,45,46,66,47.232,False,"[[501.36, 508.8], [497.4, 509.28], [487.2, 515.4], [485.16, 523.08], [489.96, 530.76], [488.28, 540.36], [483.72, 540.96]]",actual,10.391,0.007156,0.091363,0.00124022,50.0,
281G,48,49,66,28.805,False,"[[595.92, 536.88], [600.0, 533.64], [606.6, 531.72], [615.24, 525.96], [621.24, 523.92]]",actual,6.3371,0.004364,0.055719,0.00075636,50.0,
L0041,49,50,66,124.192,False,"[[620.04, 525.36], [625.92, 547.44], [633.84, 576.0], [633.84, 589.56], [638.52, 592.8], [644.4, 614.28], [639.12, 623.28], [641.76, 630.48], [633.84, 639.6]]",actual,27.3222,0.018817,0.24023,0.00326103,50.0,
281J,49,218,33,41.363,False,"[[580.56, 514.44], [591.72, 518.16], [599.76, 516.84], [605.04, 516.84], [609.6, 521.88], [614.88, 523.08], [618.84, 523.08]]",actual,9.0999,0.047379,0.32589,0.00029729,20.0,
281H,49,226,33,63.391,False,"[[622.68, 524.4], [630.0, 522.84], [636.48, 519.72], [642.24, 518.88], [650.16, 523.68], [658.08, 520.44], [671.88, 520.44], [682.68, 523.68]]",actual,13.946,0.072612,0.499444,0.00045562,20.0,
283A,50,140,66,48.267,False,"[[634.2, 637.8], [628.92, 635.04], [628.849, 634.86], [628.779, 634.68], [628.712, 634.5], [628.645, 634.32], [628.581, 634.14], [628.517, 633.96], [628.455, 633.78], [628.394, 633.6], [628.334, 633.42], [628.275, 633.24], [628.217, 633.06], [628.16, 632.88], [628.103, 632.7], [628.047, 632.52], [627.992, 632.34], [627.937, 632.16], [627.882, 631.98], [627.828, 631.8], [627.774, 631.62], [627.72, 631.44], [619.08, 630.0], [612.0, 635.4], [606.84, 642.36], [600.48, 646.32], [600.498, 646.554], [600.516, 646.788], [600.534, 647.022], [600.552, 647.256], [600.57, 647.49], [600.588, 647.724], [600.606, 647.958], [600.624, 648.192], [600.642, 648.426], [600.66, 648.66], [600.678, 648.894], [600.696, 649.128], [600.714, 649.362], [600.732, 649.596], [600.75, 649.83], [600.768, 650.064], [600.786, 650.298], [600.804, 650.532], [600.822, 650.766], [600.84, 651.0]]",actual,10.6187,0.007313,0.093365,0.00126739,50.0,
L0042,51,52,66,61.417,False,"[[591.12, 906.72], [591.12, 910.56], [589.08, 918.24], [584.4, 922.08], [579.84, 940.2], [580.44, 950.52], [577.08, 964.681]]",actual,13.5117,0.009306,0.118802,0.00161269,50.0,
L0043,52,107,66,22.036,False,"[[584.4, 950.04], [606.12, 946.32]]",actual,4.8479,0.003339,0.042625,0.00057862,50.0,
L0044,52,107,66,19.472,False,"[[586.08, 953.041], [605.28, 949.8]]",actual,4.2838,0.00295,0.037666,0.0005113,50.0,
292N,52,105,66,50.399,False,"[[578.04, 962.281], [570.84, 954.481], [562.32, 950.64], [555.36, 948.36], [552.36, 942.84], [548.04, 943.68], [537.36, 937.32]]",actual,11.0878,0.007636,0.097489,0.00132338,50.0,
L0045,53,54,66,33.04,False,"[[279.72, 822.24], [283.68, 817.56], [294.12, 817.56], [297.12, 809.52], [303.72, 813.84]]",actual,7.2688,0.005006,0.063911,0.00086756,50.0,
243A,53,78,66,78.412,False,"[[279.24, 819.48], [282.0, 815.4], [294.0, 809.4], [323.4, 768.96], [333.12, 771.6]]",actual,17.2506,0.011881,0.151676,0.00205894,50.0,
L0046,53,83,66,19.32,False,"[[281.88, 823.8], [301.2, 823.8]]",actual,4.2504,0.002927,0.037372,0.0005073,50.0,
L0047,53,84,66,45.955,False,"[[274.32, 839.52], [311.04, 839.52], [311.219, 839.377], [311.397, 839.235], [311.572, 839.095], [311.747, 838.956], [311.919, 838.819], [312.091, 838.682], [312.261, 838.546], [312.43, 838.41], [312.598, 838.275], [312.765, 838.14], [312.931, 838.005], [313.096, 837.87], [313.261, 837.734], [313.425, 837.598], [313.588, 837.461], [313.751, 837.324], [313.914, 837.185], [314.076, 837.045], [314.238, 836.903], [314.4, 836.76], [318.84, 838.8]]",actual,10.1101,0.006963,0.088893,0.00120668,50.0,
243F,53,136,66,14.748,False,"[[264.48, 833.76], [270.48, 830.76], [278.52, 830.76]]",actual,3.2446,0.002235,0.028528,0.00038725,50.0,
261J,55,133,66,70.361,False,"[[231.6, 937.56], [243.48, 941.64], [301.08, 936.84]]",actual,15.4794,0.010661,0.136102,0.00184754,50.0,
272E,56,57,66,25.815,False,"[[417.72, 1051.801], [423.84, 1057.561], [423.24, 1074.961]]",actual,5.6793,0.003911,0.049935,0.00067785,50.0,
L0048,56,58,66,30.167,False,"[[423.72, 1058.281], [415.68, 1062.481], [411.96, 1061.041], [405.48, 1065.241], [403.32, 1068.001], [397.44, 1068.001]]",actual,6.6367,0.004571,0.058353,0.00079212,50.0,
L0049,56,117,66,11.433,False,"[[410.4, 1049.161], [400.08, 1054.081]]",actual,2.5153,0.001732,0.022115,0.00030021,50.0,
294A,59,60,66,57.287,False,"[[557.16, 996.241], [553.92, 990.361], [547.32, 995.161], [544.2, 1013.281], [541.56, 1037.161]]",actual,12.6031,0.00868,0.110813,0.00150424,50.0,
L0050,61,62,66,60.507,False,"[[444.48, 263.4], [455.16, 265.32], [461.76, 256.08], [484.44, 260.04], [497.04, 268.68]]",actual,13.3115,0.009168,0.117041,0.00158879,50.0,
L0051,62,194,66,52.694,False,"[[493.2, 265.92], [491.64, 267.6], [494.52, 275.28], [502.08, 279.24], [503.88, 285.96], [515.28, 288.0], [522.12, 291.96], [526.08, 293.4], [526.32, 296.4]]",actual,11.5927,0.007984,0.101928,0.00138364,50.0,
232C,63,64,66,137.2,False,"[[135.36, 614.88], [160.2, 608.28], [186.96, 612.24], [215.04, 612.24], [231.48, 616.8], [244.56, 612.24], [261.12, 613.32], [261.22, 613.672], [261.34, 614.044], [261.477, 614.433], [261.629, 614.838], [261.793, 615.255], [261.968, 615.683], [262.151, 616.12], [262.339, 616.563], [262.531, 617.01], [262.725, 617.46], [262.918, 617.91], [263.107, 618.357], [263.291, 618.8], [263.468, 619.237], [263.634, 619.665], [263.789, 620.082], [263.929, 620.487], [264.052, 620.876], [264.157, 621.248], [264.24, 621.6]]",actual,30.184,0.020788,0.265392,0.00360259,50.0,
232A,64,90,66,23.346,False,"[[284.76, 622.68], [307.68, 627.12]]",actual,5.1361,0.003537,0.045159,0.00061302,50.0,
L0052,64,94,66,55.246,False,"[[269.52, 557.64], [272.76, 563.4], [274.08, 570.48], [273.48, 579.48], [274.8, 584.04], [275.4, 589.2], [275.382, 589.902], [275.364, 590.604], [275.346, 591.306], [275.328, 592.008], [275.31, 592.71], [275.292, 593.412], [275.274, 594.114], [275.256, 594.816], [275.238, 595.518], [275.22, 596.22], [275.202, 596.922], [275.184, 597.624], [275.166, 598.326], [275.148, 599.028], [275.13, 599.73], [275.112, 600.432], [275.094, 601.134], [275.076, 601.836], [275.058, 602.538], [275.04, 603.24], [278.4, 608.16], [277.2, 610.32]]",actual,12.1541,0.008371,0.106865,0.00145065,50.0,
234A,64,75,66,72.333,False,"[[286.92, 627.72], [289.92, 628.68], [290.043, 628.903], [290.159, 629.139], [290.269, 629.386], [290.374, 629.643], [290.475, 629.908], [290.572, 630.18], [290.667, 630.457], [290.759, 630.738], [290.85, 631.021], [290.94, 631.305], [291.03, 631.588], [291.121, 631.868], [291.213, 632.145], [291.308, 632.415], [291.405, 632.679], [291.506, 632.935], [291.611, 633.18], [291.721, 633.414], [291.837, 633.634], [291.96, 633.84], [298.44, 635.16], [304.92, 632.52], [320.16, 636.48], [345.84, 641.64], [353.76, 640.08]]",actual,15.9133,0.01096,0.139917,0.00189932,50.0,
L0053,64,98,66,36.483,False,"[[261.72, 577.2], [261.702, 578.85], [261.684, 580.554], [261.666, 582.308], [261.647, 584.104], [261.628, 585.938], [261.609, 587.801], [261.589, 589.69], [261.568, 591.596], [261.547, 593.515], [261.525, 595.44], [261.502, 597.365], [261.478, 599.284], [261.453, 601.19], [261.427, 603.079], [261.399, 604.942], [261.371, 606.776], [261.34, 608.572], [261.309, 610.326], [261.275, 612.03], [261.24, 613.68]]",actual,8.0263,0.005528,0.070571,0.00095797,50.0,
L0054,64,99,66,18.529,False,"[[286.32, 623.04], [283.8, 630.0], [281.04, 630.0], [280.895, 630.156], [280.714, 630.366], [280.501, 630.625], [280.26, 630.927], [279.996, 631.266], [279.711, 631.634], [279.409, 632.026], [279.095, 632.436], [278.772, 632.858], [278.445, 633.285], [278.117, 633.711], [277.791, 634.13], [277.473, 634.536], [277.165, 634.922], [276.872, 635.282], [276.597, 635.61], [276.345, 635.9], [276.118, 636.146], [275.922, 636.342], [275.76, 636.48]]",actual,4.0764,0.002807,0.035841,0.00048653,50.0,
232G,64,162,66,17.775,False,"[[279.24, 613.44], [287.76, 597.84]]",actual,3.9105,0.002693,0.034383,0.00046674,50.0,
L0055,65,66,66,11.582,False,"[[380.52, 615.0], [390.12, 608.52]]",actual,2.548,0.001755,0.022404,0.00030412,50.0,
L0056,65,110,66,32.026,False,"[[366.0, 621.6], [381.36, 624.36], [389.28, 629.28], [396.0, 627.0]]",actual,7.0457,0.004852,0.061949,0.00084094,50.0,
L0057,67,68,66,11.17,False,"[[380.52, 592.92], [381.0, 604.08]]",actual,2.4574,0.001692,0.021607,0.0002933,50.0,
L0058,68,74,66,34.429,False,"[[349.68, 580.56], [357.6, 584.76], [362.16, 585.12], [366.12, 588.84], [374.88, 589.68], [380.76, 592.8]]",actual,7.5744,0.005217,0.066598,0.00090404,50.0,
2102,70,71,66,17.894,False,"[[407.52, 323.64], [414.84, 327.0], [424.68, 327.0]]",actual,3.9367,0.002711,0.034613,0.00046986,50.0,
L0059,70,227,33,19.487,False,"[[414.84, 324.72], [416.28, 321.24], [422.64, 320.52], [425.16, 313.44], [425.281, 313.439], [425.392, 313.437], [425.494, 313.433], [425.589, 313.428], [425.678, 313.421], [425.76, 313.414], [425.839, 313.406], [425.915, 313.398], [425.988, 313.389], [426.06, 313.38], [426.132, 313.371], [426.205, 313.362], [426.281, 313.354], [426.36, 313.346], [426.442, 313.339], [426.531, 313.332], [426.626, 313.327], [426.728, 313.323], [426.839, 313.321], [426.96, 313.32]]",actual,4.2871,0.022321,0.153534,0.00014006,20.0,
223A,73,74,66,81.248,False,"[[352.44, 521.88], [364.08, 523.44], [361.56, 545.52], [364.08, 566.64], [367.92, 576.84], [353.16, 580.08]]",actual,17.8746,0.01231,0.157162,0.00213341,50.0,
L0060,74,75,66,53.233,False,"[[350.04, 584.88], [352.8, 589.32], [353.28, 623.4], [353.52, 637.32]]",actual,11.7113,0.008066,0.102971,0.00139779,50.0,
234D,75,76,66,62.04,False,"[[355.44, 639.84], [417.48, 639.84]]",actual,13.6488,0.0094,0.120007,0.00162904,50.0,
L0061,75,77,66,29.831,False,"[[354.12, 638.28], [352.8, 650.52], [359.76, 650.52], [359.76, 656.16], [364.68, 656.16]]",actual,6.5628,0.00452,0.057703,0.0007833,50.0,
L0062,75,90,66,46.13,False,"[[307.68, 627.12], [352.8, 636.72]]",actual,10.1486,0.006989,0.089231,0.00121128,50.0,
L0063,77,79,66,84.511,False,"[[369.96, 703.68], [357.36, 703.8], [354.0, 682.32], [348.24, 680.16], [351.96, 672.48], [351.888, 672.138], [351.816, 671.796], [351.744, 671.454], [351.672, 671.112], [351.6, 670.77], [351.528, 670.428], [351.456, 670.086], [351.384, 669.744], [351.312, 669.402], [351.24, 669.06], [351.168, 668.718], [351.096, 668.376], [351.024, 668.034], [350.952, 667.692], [350.88, 667.35], [350.808, 667.008], [350.736, 666.666], [350.664, 666.324], [350.592, 665.982], [350.52, 665.64], [350.611, 665.046], [350.703, 664.452], [350.798, 663.858], [350.893, 663.263], [350.991, 662.668], [351.089, 662.073], [351.189, 661.477], [351.29, 660.88], [351.392, 660.283], [351.495, 659.685], [351.599, 659.086], [351.704, 658.486], [351.809, 657.885], [351.915, 657.283], [352.022, 656.679], [352.129, 656.075], [352.236, 655.468], [352.344, 654.861], [352.452, 654.251], [352.56, 653.64], [356.4, 653.76], [356.4, 658.68], [363.96, 658.68]]",actual,18.5924,0.012805,0.163473,0.00221909,50.0,
L0064,78,79,66,88.138,False,"[[334.44, 771.12], [328.2, 763.08], [335.16, 752.16], [343.32, 739.08], [350.64, 725.88], [351.6, 724.08], [356.76, 720.12], [358.92, 714.24], [358.08, 706.92], [370.32, 705.48]]",actual,19.3904,0.013354,0.170489,0.00231432,50.0,
L0065,79,222,33,21.524,False,"[[370.56, 707.04], [370.56, 711.72], [375.0, 713.04], [375.72, 715.8], [375.72, 725.16]]",actual,4.7353,0.024655,0.169583,0.0001547,20.0,
L0066,80,81,66,120.313,False,"[[459.24, 203.16], [444.96, 263.16], [438.72, 288.12], [427.8, 277.32], [419.28, 277.2], [419.315, 277.681], [419.349, 278.152], [419.381, 278.614], [419.412, 279.069], [419.443, 279.518], [419.473, 279.96], [419.503, 280.399], [419.533, 280.835], [419.564, 281.268], [419.595, 281.7], [419.627, 282.132], [419.66, 282.565], [419.695, 283.001], [419.731, 283.44], [419.769, 283.883], [419.81, 284.331], [419.853, 284.786], [419.899, 285.248], [419.948, 285.719], [420.0, 286.2]]",actual,26.4689,0.018229,0.232727,0.00315917,50.0,
L0067,81,82,66,111.484,False,"[[422.4, 287.04], [424.32, 280.68], [426.72, 280.56], [436.68, 294.12], [425.88, 322.8], [425.825, 323.16], [425.769, 323.52], [425.711, 323.88], [425.652, 324.24], [425.591, 324.6], [425.53, 324.96], [425.468, 325.32], [425.406, 325.68], [425.343, 326.04], [425.28, 326.4], [425.217, 326.76], [425.154, 327.12], [425.092, 327.48], [425.03, 327.84], [424.969, 328.2], [424.908, 328.56], [424.849, 328.92], [424.791, 329.28], [424.735, 329.64], [424.68, 330.0], [428.76, 334.92], [428.52, 342.24], [425.76, 345.84], [425.779, 346.617], [425.799, 347.367], [425.821, 348.092], [425.844, 348.796], [425.869, 349.481], [425.894, 350.151], [425.92, 350.809], [425.946, 351.458], [425.973, 352.101], [426.0, 352.74], [426.027, 353.38], [426.054, 354.022], [426.08, 354.671], [426.106, 355.329], [426.131, 355.999], [426.156, 356.684], [426.179, 357.388], [426.201, 358.113], [426.221, 358.863], [426.24, 359.64], [427.44, 365.28], [437.28, 365.28]]",actual,24.5265,0.016892,0.215648,0.00292734,50.0,
L0068,83,84,66,18.363,False,"[[300.48, 823.8], [317.16, 831.48]]",actual,4.0399,0.002782,0.03552,0.00048218,50.0,
L0069,84,93,66,50.604,False,"[[319.8, 880.8], [311.4, 880.8], [314.52, 861.6], [314.566, 861.334], [314.698, 860.807], [314.906, 860.048], [315.181, 859.087], [315.514, 857.951], [315.894, 856.671], [316.312, 855.275], [316.759, 853.791], [317.225, 852.25], [317.7, 850.68], [318.175, 849.11], [318.641, 847.569], [319.088, 846.085], [319.506, 844.689], [319.886, 843.409], [320.219, 842.273], [320.494, 841.312], [320.702, 840.553], [320.834, 840.026], [320.88, 839.76]]",actual,11.1329,0.007667,0.097886,0.00132876,50.0,
L0070,84,241,66,82.462,False,"[[321.72, 838.68], [321.738, 838.248], [321.756, 837.816], [321.774, 837.384], [321.792, 836.951], [321.81, 836.518], [321.828, 836.085], [321.846, 835.651], [321.864, 835.216], [321.882, 834.781], [321.9, 834.345], [321.918, 833.908], [321.936, 833.47], [321.954, 833.031], [321.972, 832.591], [321.99, 832.149], [322.008, 831.707], [322.026, 831.262], [322.044, 830.817], [322.062, 830.369], [322.08, 829.92], [333.36, 817.56], [390.321, 817.464]]",actual,18.1416,0.012494,0.15951,0.00216528,50.0,
273D,85,86,66,19.993,False,"[[367.32, 1062.241], [370.56, 1066.681], [364.08, 1071.721], [358.32, 1074.241]]",actual,4.3985,0.003029,0.038673,0.00052498,50.0,
L0071,86,87,66,30.912,False,"[[358.32, 1074.241], [347.52, 1079.281], [341.76, 1086.361], [341.366, 1086.45], [340.944, 1086.538], [340.495, 1086.624], [340.023, 1086.708], [339.532, 1086.792], [339.025, 1086.875], [338.505, 1086.957], [337.976, 1087.039], [337.439, 1087.12], [336.9, 1087.201], [336.361, 1087.282], [335.824, 1087.363], [335.295, 1087.445], [334.775, 1087.527], [334.267, 1087.61], [333.777, 1087.693], [333.305, 1087.778], [332.856, 1087.864], [332.434, 1087.952], [332.04, 1088.041]]",actual,6.8006,0.004684,0.059794,0.00081169,50.0,
L0072,87,88,66,39.679,False,"[[340.44, 1052.761], [345.96, 1054.201], [345.997, 1054.652], [346.035, 1055.104], [346.075, 1055.558], [346.116, 1056.013], [346.159, 1056.47], [346.202, 1056.927], [346.246, 1057.385], [346.29, 1057.843], [346.335, 1058.302], [346.38, 1058.761], [346.425, 1059.22], [346.47, 1059.679], [346.514, 1060.137], [346.558, 1060.595], [346.601, 1061.052], [346.644, 1061.508], [346.685, 1061.964], [346.725, 1062.418], [346.763, 1062.87], [346.8, 1063.321], [337.44, 1077.241], [329.4, 1077.361]]",actual,8.7294,0.006012,0.076753,0.00104189,50.0,
273C,87,91,66,29.653,False,"[[324.48, 1053.001], [330.48, 1082.041]]",actual,6.5237,0.004493,0.057359,0.00077863,50.0,
L0073,87,92,66,10.32,False,"[[330.48, 1094.881], [330.48, 1105.201]]",actual,2.2704,0.001564,0.019962,0.00027098,50.0,
271C,89,118,66,15.96,False,"[[338.52, 997.801], [338.52, 1013.761]]",actual,3.5112,0.002418,0.030872,0.00041908,50.0,
273F,91,92,66,59.279,False,"[[324.48, 1053.001], [330.48, 1081.921], [331.92, 1088.401], [330.48, 1094.761], [330.48, 1105.081], [336.36, 1107.241]]",actual,13.0414,0.008982,0.114666,0.00155655,50.0,
L0074,94,95,66,61.437,False,"[[211.44, 548.64], [218.4, 549.96], [226.92, 549.96], [230.88, 548.64], [237.48, 548.64], [246.0, 551.88], [249.84, 549.36], [269.52, 557.64]]",actual,13.5161,0.009309,0.11884,0.00161321,50.0,
2307,96,97,66,18.01,False,"[[222.6, 561.72], [236.64, 573.0]]",actual,3.9622,0.002729,0.034838,0.00047291,50.0,
L0075,97,98,66,18.711,False,"[[244.68, 571.2], [262.32, 577.44]]",actual,4.1164,0.002835,0.036193,0.00049131,50.0,
281N,100,101,66,19.638,False,"[[637.8, 305.88], [627.24, 305.04], [623.16, 306.84], [618.6, 306.36]]",actual,4.3204,0.002975,0.037987,0.00051565,50.0,
L0076,102,103,66,21.12,False,"[[648.36, 439.08], [669.48, 439.08]]",actual,4.6464,0.0032,0.040853,0.00055457,50.0,
282G,104,212,33,77.657,False,"[[678.6, 790.8], [681.0, 792.96], [668.88, 801.96], [665.4, 802.56], [658.2, 802.44], [652.08, 804.84], [648.72, 802.92], [645.48, 798.6], [639.6, 800.88], [638.16, 804.96], [633.12, 806.4], [628.08, 802.92], [626.04, 800.16], [618.72, 800.4]]",actual,17.0845,0.088953,0.611843,0.00055815,20.0,
L0077,105,106,66,45.988,False,"[[536.88, 934.2], [546.24, 937.68], [557.76, 937.32], [563.88, 935.04], [568.08, 931.2], [575.64, 933.96], [579.84, 933.72]]",actual,10.1174,0.006968,0.088957,0.00120755,50.0,
L0078,109,110,66,13.534,False,"[[353.4, 618.84], [366.72, 621.24]]",actual,2.9775,0.002051,0.026179,0.00035538,50.0,
234M,111,112,66,19.392,False,"[[362.64, 671.16], [369.36, 666.84], [369.78, 666.838], [370.246, 666.833], [370.753, 666.825], [371.294, 666.815], [371.867, 666.803], [372.465, 666.788], [373.084, 666.772], [373.718, 666.756], [374.364, 666.738], [375.015, 666.72], [375.667, 666.702], [376.315, 666.685], [376.954, 666.668], [377.579, 666.652], [378.186, 666.638], [378.768, 666.625], [379.322, 666.615], [379.841, 666.607], [380.323, 666.602], [380.76, 666.6]]",actual,4.2662,0.002938,0.037511,0.00050919,50.0,
L0079,111,195,66,11.52,False,"[[351.12, 672.6], [351.541, 672.6], [352.01, 672.6], [352.52, 672.6], [353.067, 672.6], [353.646, 672.6], [354.251, 672.6], [354.878, 672.6], [355.521, 672.6], [356.175, 672.6], [356.835, 672.6], [357.496, 672.6], [358.153, 672.6], [358.8, 672.6], [359.433, 672.6], [360.047, 672.6], [360.636, 672.6], [361.194, 672.6], [361.718, 672.6], [362.202, 672.6], [362.64, 672.6]]",actual,2.5344,0.001745,0.022284,0.00030249,50.0,
L0080,112,180,66,14.045,False,"[[374.64, 680.76], [374.28, 666.72]]",actual,3.0899,0.002128,0.027168,0.00036879,50.0,
L0081,114,115,66,22.236,False,"[[326.88, 977.281], [331.32, 978.601], [334.44, 981.241], [340.8, 979.321], [338.88, 985.921]]",actual,4.8919,0.003369,0.043012,0.00058387,50.0,
L0082,120,145,66,21.476,False,"[[332.88, 728.28], [337.92, 721.32], [349.56, 726.84]]",actual,4.7247,0.003254,0.041542,0.00056392,50.0,
234C,120,163,66,17.962,False,"[[337.2, 722.76], [323.52, 711.12]]",actual,3.9516,0.002722,0.034745,0.00047165,50.0,
L0083,123,241,66,43.798,False,"[[390.321, 817.464], [404.88, 817.44], [411.72, 813.0], [423.36, 816.12], [423.365, 815.716], [423.38, 815.298], [423.404, 814.866], [423.435, 814.424], [423.472, 813.971], [423.516, 813.511], [423.563, 813.044], [423.613, 812.572], [423.666, 812.097], [423.72, 811.62], [423.774, 811.143], [423.827, 810.668], [423.877, 810.196], [423.924, 809.729], [423.967, 809.269], [424.005, 808.816], [424.036, 808.374], [424.06, 807.942], [424.075, 807.524], [424.08, 807.12]]",actual,9.6356,0.006636,0.08472,0.00115005,50.0,
L0084,124,125,66,11.89,False,"[[595.92, 849.72], [595.44, 861.6]]",actual,2.6158,0.001802,0.022999,0.00031221,50.0,
263A,126,204,66,13.815,False,"[[288.6, 903.6], [282.0, 900.6], [275.76, 902.64]]",actual,3.0393,0.002093,0.026723,0.00036275,50.0,
261E,127,134,66,45.362,False,"[[381.12, 931.08], [401.28, 931.08], [410.52, 932.64], [419.16, 933.72], [425.16, 929.88]]",actual,9.9796,0.006873,0.087746,0.00119111,50.0,
261K,133,181,66,17.532,False,"[[221.16, 950.64], [234.48, 939.24]]",actual,3.857,0.002656,0.033913,0.00046035,50.0,
261R,134,184,66,39.41,False,"[[447.24, 958.081], [446.4, 953.881], [431.64, 944.88], [426.72, 939.24], [417.96, 933.72]]",actual,8.6702,0.005971,0.076232,0.00103483,50.0,
243G,135,136,66,36.6,False,"[[227.88, 833.76], [264.48, 833.76]]",actual,8.052,0.005545,0.070797,0.00096104,50.0,
264A,135,232,33,79.349,False,"[[227.04, 833.04], [222.0, 835.68], [210.12, 836.04], [207.0, 838.44], [207.6, 843.36], [203.76, 846.72], [206.28, 849.96], [205.68, 857.88], [202.44, 861.24], [204.36, 864.48], [204.36, 866.4], [205.08, 867.72], [203.76, 871.08], [195.24, 870.36], [190.68, 871.68], [185.52, 876.36]]",actual,17.4568,0.090891,0.625174,0.00057031,20.0,
L0085,138,139,66,10.795,False,"[[229.08, 815.04], [238.92, 819.48]]",actual,2.3749,0.001636,0.020881,0.00028345,50.0,
L0086,138,196,66,23.141,False,"[[239.4, 825.84], [262.2, 821.88]]",actual,5.091,0.003506,0.044763,0.00060764,50.0,
2813,140,141,66,13.52,False,"[[601.2, 651.0], [597.24, 654.96], [589.32, 654.96]]",actual,2.9744,0.002048,0.026152,0.00035501,50.0,
2814,141,142,66,55.461,False,"[[589.44, 653.16], [579.84, 652.8], [566.52, 657.48], [558.72, 656.76], [553.08, 648.24], [545.76, 648.24], [545.743, 648.563], [545.727, 648.885], [545.713, 649.205], [545.7, 649.524], [545.689, 649.841], [545.678, 650.158], [545.668, 650.474], [545.658, 650.79], [545.649, 651.105], [545.64, 651.42], [545.631, 651.735], [545.622, 652.05], [545.612, 652.366], [545.602, 652.682], [545.591, 652.999], [545.58, 653.317], [545.567, 653.635], [545.553, 653.955], [545.537, 654.277], [545.52, 654.6]]",actual,12.2014,0.008403,0.107281,0.00145629,50.0,
2303,147,148,66,50.711,False,"[[210.6, 685.08], [223.56, 681.0], [227.88, 700.08], [227.935, 700.945], [227.991, 701.811], [228.049, 702.68], [228.108, 703.549], [228.169, 704.421], [228.23, 705.293], [228.292, 706.167], [228.354, 707.042], [228.417, 707.918], [228.48, 708.795], [228.543, 709.673], [228.606, 710.552], [228.668, 711.431], [228.73, 712.311], [228.791, 713.192], [228.852, 714.073], [228.911, 714.954], [228.969, 715.836], [229.025, 716.718], [229.08, 717.6]]",actual,11.1564,0.007683,0.098092,0.00133157,50.0,
231F,149,150,66,56.491,False,"[[180.84, 646.56], [188.4, 646.56], [193.56, 652.56], [206.04, 662.52], [206.871, 663.392], [207.706, 664.278], [208.546, 665.178], [209.39, 666.088], [210.238, 667.009], [211.089, 667.937], [211.943, 668.872], [212.798, 669.812], [213.656, 670.755], [214.515, 671.7], [215.375, 672.645], [216.235, 673.588], [217.096, 674.528], [217.955, 675.463], [218.814, 676.391], [219.672, 677.312], [220.528, 678.222], [221.381, 679.122], [222.232, 680.008], [223.08, 680.88]]",actual,12.428,0.008559,0.109273,0.00148334,50.0,
221A,153,154,66,12.48,False,"[[80.64, 728.88], [93.12, 728.88]]",actual,2.7456,0.001891,0.024141,0.0003277,50.0,
281K,155,156,66,13.514,False,"[[643.8, 377.76], [630.48, 380.04]]",actual,2.9731,0.002048,0.026141,0.00035485,50.0,
L0087,158,159,66,11.212,False,"[[478.92, 259.68], [477.84, 248.52]]",actual,2.4666,0.001699,0.021688,0.0002944,50.0,
L0088,160,161,66,11.819,False,"[[414.6, 359.16], [426.12, 356.52]]",actual,2.6002,0.001791,0.022862,0.00031034,50.0,
L0089,166,167,66,12.158,False,"[[350.52, 1094.641], [342.48, 1085.521]]",actual,2.6748,0.001842,0.023518,0.00031924,50.0,
L0090,168,169,66,12.12,False,"[[417.36, 410.4], [429.48, 410.4]]",actual,2.6664,0.001836,0.023444,0.00031825,50.0,
L0091,170,187,66,11.367,False,"[[608.16, 260.04], [597.0, 262.2]]",actual,2.5007,0.001722,0.021988,0.00029847,50.0,
L0092,171,172,66,11.031,False,"[[227.16, 700.2], [216.48, 702.96]]",actual,2.4268,0.001671,0.021338,0.00028965,50.0,
L0093,173,174,66,10.88,False,"[[562.32, 657.24], [561.0, 668.04]]",actual,2.3936,0.001648,0.021046,0.00028569,50.0,
243M,175,176,66,13.783,False,"[[500.76, 839.52], [499.08, 853.2]]",actual,3.0323,0.002088,0.026661,0.00036191,50.0,
L0094,182,183,66,13.682,False,"[[366.36, 588.84], [366.6, 602.52]]",actual,3.01,0.002073,0.026466,0.00035926,50.0,
L0095,185,186,66,30.051,False,"[[423.96, 970.321], [422.88, 954.121], [430.56, 949.68], [431.04, 944.76]]",actual,6.6112,0.004553,0.058129,0.00078908,50.0,
223I,188,189,66,11.64,False,"[[294.48, 482.64], [294.48, 494.28]]",actual,2.5608,0.001764,0.022516,0.00030564,50.0,
223N,197,198,66,10.099,False,"[[388.32, 467.4], [397.8, 470.88]]",actual,2.2218,0.00153,0.019535,0.00026518,50.0,
L0096,201,202,66,13.737,False,"[[160.56, 737.04], [171.24, 728.4]]",actual,3.0221,0.002081,0.026572,0.00036071,50.0,
281Q,205,206,66,29.849,False,"[[605.4, 358.08], [610.2, 359.04], [619.56, 357.48], [634.92, 355.68]]",actual,6.5668,0.004523,0.057738,0.00078377,50.0,
243J,208,209,66,15.836,False,"[[178.2, 786.6], [178.92, 789.6], [183.24, 789.6], [183.96, 798.0]]",actual,3.4839,0.002399,0.030632,0.00041582,50.0,
2812,211,212,33,20.571,False,"[[603.0, 809.4], [603.0, 809.041], [603.0, 808.683], [603.0, 808.328], [603.0, 807.973], [603.0, 807.621], [603.0, 807.269], [603.0, 806.919], [603.0, 806.57], [603.0, 806.222], [603.0, 805.875], [603.0, 805.529], [603.0, 805.184], [603.0, 804.839], [603.0, 804.495], [603.0, 804.152], [603.0, 803.809], [603.0, 803.466], [603.0, 803.124], [603.0, 802.782], [603.0, 802.44], [609.36, 802.32], [615.96, 799.32]]",actual,4.5256,0.023563,0.162075,0.00014785,20.0,
L0097,211,219,33,21.42,False,"[[599.52, 808.8], [599.503, 808.476], [599.487, 808.152], [599.474, 807.828], [599.461, 807.504], [599.451, 807.18], [599.441, 806.856], [599.433, 806.532], [599.426, 806.208], [599.42, 805.884], [599.415, 805.56], [599.411, 805.236], [599.408, 804.912], [599.405, 804.588], [599.403, 804.264], [599.402, 803.94], [599.401, 803.616], [599.4, 803.292], [599.4, 802.968], [599.4, 802.644], [599.4, 802.32], [594.48, 800.28], [584.88, 799.8]]",actual,4.7124,0.024536,0.168764,0.00015395,20.0,
L0098,213,216,33,49.067,False,"[[308.28, 375.12], [308.88, 385.2], [304.32, 387.84], [300.96, 401.88], [303.0, 405.84], [301.32, 413.16], [301.416, 413.486], [301.523, 413.815], [301.641, 414.147], [301.766, 414.482], [301.899, 414.819], [302.038, 415.159], [302.182, 415.501], [302.328, 415.844], [302.476, 416.189], [302.625, 416.535], [302.773, 416.882], [302.918, 417.229], [303.06, 417.577], [303.197, 417.925], [303.328, 418.273], [303.451, 418.62], [303.565, 418.967], [303.669, 419.313], [303.761, 419.657], [303.84, 420.0]]",actual,10.7947,0.056204,0.386588,0.00035266,20.0,
223S,213,239,33,59.855,False,"[[243.12, 428.88], [249.12, 428.04], [258.0, 429.24], [268.8, 422.16], [279.84, 421.32], [286.08, 418.2], [295.2, 424.92], [297.72, 424.56]]",actual,13.1681,0.068561,0.471585,0.0004302,20.0,
L0099,214,215,33,30.555,False,"[[287.4, 437.88], [286.08, 428.16], [302.28, 441.12]]",actual,6.7221,0.034999,0.240736,0.00021961,20.0,
234G,222,223,33,57.002,False,"[[375.72, 725.16], [405.6, 733.92], [407.52, 741.24], [425.76, 742.68]]",actual,12.5404,0.065293,0.449107,0.0004097,20.0,
251A,224,225,33,82.78,False,"[[102.48, 828.48], [117.12, 828.6], [119.4, 826.56], [129.72, 826.44], [137.52, 835.2], [152.04, 835.44], [152.28, 827.28], [152.352, 827.1], [152.424, 826.92], [152.496, 826.74], [152.568, 826.56], [152.64, 826.38], [152.712, 826.2], [152.784, 826.02], [152.856, 825.84], [152.928, 825.66], [153.0, 825.48], [153.072, 825.3], [153.144, 825.12], [153.216, 824.94], [153.288, 824.76], [153.36, 824.58], [153.432, 824.4], [153.504, 824.22], [153.576, 824.04], [153.648, 823.86], [153.72, 823.68], [158.64, 822.72], [164.04, 825.24], [163.896, 825.474], [163.752, 825.708], [163.608, 825.942], [163.464, 826.176], [163.32, 826.41], [163.176, 826.644], [163.032, 826.878], [162.888, 827.112], [162.744, 827.346], [162.6, 827.58], [162.456, 827.814], [162.312, 828.048], [162.168, 828.282], [162.024, 828.516], [161.88, 828.75], [161.736, 828.984], [161.592, 829.218], [161.448, 829.452], [161.304, 829.686], [161.16, 829.92]]",actual,18.2116,0.094821,0.652206,0.00059497,20.0,
211C,227,228,33,84.843,False,"[[434.88, 305.4], [438.96, 307.44], [445.08, 317.88], [455.04, 319.32], [462.84, 316.8], [470.64, 320.04], [483.12, 320.04], [487.68, 313.68], [491.52, 315.6], [491.611, 315.745], [491.703, 315.892], [491.797, 316.04], [491.892, 316.189], [491.989, 316.341], [492.086, 316.493], [492.184, 316.647], [492.282, 316.802], [492.381, 316.958], [492.48, 317.115], [492.579, 317.273], [492.678, 317.432], [492.776, 317.591], [492.874, 317.751], [492.971, 317.912], [493.068, 318.073], [493.163, 318.234], [493.257, 318.396], [493.349, 318.558], [493.44, 318.72], [491.52, 320.04], [491.591, 320.58], [491.661, 321.12], [491.729, 321.66], [491.796, 322.2], [491.861, 322.74], [491.926, 323.28], [491.99, 323.82], [492.054, 324.36], [492.117, 324.9], [492.18, 325.44], [492.243, 325.98], [492.306, 326.52], [492.37, 327.06], [492.434, 327.6], [492.499, 328.14], [492.564, 328.68], [492.631, 329.22], [492.699, 329.76], [492.769, 330.3], [492.84, 330.84]]",actual,18.6655,0.097184,0.66846,0.0006098,20.0,
261S,229,230,33,23.711,False,"[[416.4, 1003.921], [414.48, 1004.641], [414.48, 1001.281], [412.44, 999.361], [407.28, 998.041], [405.24, 994.801], [403.32, 998.641], [401.4, 999.361]]",actual,5.2164,0.02716,0.186814,0.00017042,20.0,
243D,233,234,33,32.551,False,"[[534.84, 807.84], [530.76, 801.24], [532.2, 794.52], [530.16, 787.2], [519.84, 787.2]]",actual,7.1612,0.037286,0.256462,0.00023396,20.0,
2406,235,236,33,11.885,False,"[[342.48, 804.12], [340.08, 815.76]]",actual,2.6147,0.013614,0.093639,8.542e-05,20.0,
243K,241,242,66,12.624,False,"[[390.321, 817.464], [390.3, 804.84]]",actual,2.7773,0.001913,0.024419,0.00033148,50.0,
G0100,244,43,66,14.71,False,,provisional,3.2362,0.002229,0.028454,0.00038625,50.0,
G0101,245,101,66,23.57,False,,provisional,5.1854,0.003571,0.045592,0.0006189,50.0,
G0102,246,21,66,9.72,False,,provisional,2.1384,0.001473,0.018802,0.00025523,50.0,
G0103,247,181,66,8.69,False,,provisional,1.9118,0.001317,0.016809,0.00022818,50.0,
B0104,184,230,66,55.249,False,,provisional,12.1548,0.008371,0.106871,0.00145073,50.0,
B0105,95,244,66,58.942,False,,provisional,12.9672,0.008931,0.114014,0.0015477,50.0,
B0106,63,207,66,48.366,False,,provisional,10.6405,0.007328,0.093556,0.00126999,50.0,
B0107,69,143,66,43.899,False,,provisional,9.6578,0.006651,0.084916,0.0011527,50.0,
B0108,109,195,66,58.081,False,,provisional,12.7778,0.0088,0.112349,0.00152509,50.0,
B0109,180,145,66,52.463,False,,provisional,11.5419,0.007949,0.101481,0.00137757,50.0,
B0110,54,196,66,43.708,False,,provisional,9.6158,0.006622,0.084546,0.00114768,50.0,
B0111,10,13,66,44.162,False,,provisional,9.7156,0.006691,0.085424,0.0011596,50.0,
B0112,12,16,66,56.668,False,,provisional,12.467,0.008586,0.109615,0.00148799,50.0,
B0113,88,89,66,38.151,False,,provisional,8.3932,0.00578,0.073797,0.00100177,50.0,
B0114,118,115,66,11.885,False,,bridge,2.6147,0.001801,0.02299,0.00031208,50.0,
B0115,147,150,66,13.168,False,,bridge,2.897,0.001995,0.025471,0.00034576,50.0,
B0116,80,159,66,49.025,False,,provisional,10.7855,0.007428,0.094831,0.0012873,50.0,
B0117,158,61,66,34.64,False,,provisional,7.6208,0.005248,0.067006,0.00090958,50.0,
B0118,194,190,66,48.77,False,,provisional,10.7294,0.007389,0.094338,0.0012806,50.0,
B0119,47,100,66,24.691,False,,provisional,5.432,0.003741,0.047761,0.00064834,50.0,
B0120,85,167,66,34.044,False,,provisional,7.4897,0.005158,0.065853,0.00089393,50.0,
B0121,72,169,66,53.424,False,,provisional,11.7533,0.008095,0.10334,0.00140281,50.0,
B0122,168,160,66,51.314,False,,provisional,11.2891,0.007775,0.099259,0.0013474,50.0,
B0123,161,71,66,29.555,False,,provisional,6.5021,0.004478,0.05717,0.00077605,50.0,
B0124,192,187,66,26.657,False,,provisional,5.8645,0.004039,0.051564,0.00069996,50.0,
B0125,142,173,66,17.006,False,,bridge,3.7413,0.002577,0.032895,0.00044654,50.0,
B0126,234,175,66,55.69,False,,provisional,12.2518,0.008438,0.107724,0.00146231,50.0,
B0127,66,183,66,24.273,False,,provisional,5.3401,0.003678,0.046952,0.00063736,50.0,
B0128,221,188,66,41.291,False,,provisional,9.084,0.006256,0.079871,0.00108422,50.0,
B0129,41,197,66,26.887,False,,provisional,5.9151,0.004074,0.052009,0.000706,50.0,
B0130,139,209,66,48.23,False,,provisional,10.6106,0.007308,0.093293,0.00126642,50.0,
B0131,208,200,66,46.24,False,,provisional,10.1728,0.007006,0.089444,0.00121417,50.0,
B0132,199,193,66,43.317,False,,provisional,9.5297,0.006563,0.08379,0.00113742,50.0,
B0133,20,7,66,33.946,False,,provisional,7.4681,0.005143,0.065663,0.00089135,50.0,
B0134,8,201,66,15.652,False,,bridge,3.4434,0.002372,0.030276,0.00041099,50.0,
B0135,202,24,66,53.077,False,,provisional,11.6769,0.008042,0.102669,0.00139369,50.0,
B0136,23,154,66,57.572,False,,provisional,12.6658,0.008723,0.111364,0.00151172,50.0,
B0137,238,214,66,35.387,False,,provisional,7.7851,0.005362,0.068451,0.00092919,50.0,
B0138,232,225,66,52.441,False,,provisional,11.537,0.007946,0.101439,0.00137699,50.0,
B0139,242,235,66,47.825,False,,provisional,10.5215,0.007246,0.09251,0.00125579,50.0,
B0140,15,0,66,23.229,False,,provisional,5.1104,0.00352,0.044933,0.00060995,50.0,
B0141,0,37,66,56.926,False,,provisional,12.5237,0.008625,0.110114,0.00149476,50.0,
B0142,182,29,66,46.455,False,,provisional,10.2201,0.007039,0.08986,0.00121981,50.0,
B0143,114,113,66,20.971,False,,bridge,4.6136,0.003177,0.040565,0.00055066,50.0,
B0144,236,119,66,39.583,False,,provisional,8.7083,0.005997,0.076567,0.00103937,50.0,
B0145,119,121,66,36.8,False,,provisional,8.096,0.005576,0.071184,0.00096629,50.0,
B0146,247,128,66,39.36,False,,provisional,8.6592,0.005964,0.076136,0.00103351,50.0,
B0147,129,130,66,25.641,False,,provisional,5.641,0.003885,0.049598,0.00067328,50.0,
B0148,130,131,66,33.679,False,,provisional,7.4094,0.005103,0.065147,0.00088434,50.0,
B0149,203,132,66,57.381,False,,provisional,12.6238,0.008694,0.110995,0.00150671,50.0,
B0150,132,137,66,28.067,False,,provisional,6.1747,0.004253,0.054291,0.00073698,50.0,
B0151,246,144,66,52.549,False,,provisional,11.5608,0.007962,0.101648,0.00137983,50.0,
B0152,144,146,66,17.64,False,,bridge,3.8808,0.002673,0.034122,0.00046319,50.0,
B0153,245,157,66,13.724,False,,bridge,3.0193,0.002079,0.026547,0.00036036,50.0,
B0154,106,164,66,12.361,False,,bridge,2.7194,0.001873,0.02391,0.00032457,50.0,
B0155,164,165,66,18.346,False,,bridge,4.0361,0.00278,0.035487,0.00048173,50.0,
B0156,113,177,66,35.164,False,,provisional,7.7361,0.005328,0.068019,0.00092334,50.0,
B0157,177,178,66,53.204,False,,provisional,11.7049,0.008061,0.102915,0.00139703,50.0,
B0158,178,179,66,22.199,False,,provisional,4.8838,0.003363,0.04294,0.0005829,50.0,
B0159,29,210,66,28.175,False,,provisional,6.1985,0.004269,0.0545,0.00073982,50.0,
B0160,224,231,66,15.593,False,,bridge,3.4305,0.002363,0.030162,0.00040944,50.0,
B0161,220,237,66,26.829,False,,provisional,5.9024,0.004065,0.051897,0.00070448,50.0,
B0162,215,240,66,41.721,False,,provisional,9.1786,0.006321,0.080703,0.00109551,50.0,
I0163,176,219,66,101.06,False,,inset_provisional,22.2332,0.015312,0.195485,0.00265363,50.0,
I0164,226,103,66,85.624,False,,inset_provisional,18.8373,0.012973,0.165626,0.00224831,50.0,
I0165,165,125,66,75.552,False,,inset_provisional,16.6214,0.011447,0.146144,0.00198384,50.0,
I0166,102,155,66,61.489,False,,inset_provisional,13.5276,0.009317,0.118941,0.00161458,50.0,
I0167,149,172,66,66.717,False,,inset_provisional,14.6777,0.010109,0.129054,0.00175185,50.0,
I0168,116,185,66,72.858,False,,inset_provisional,16.0288,0.011039,0.140932,0.0019131,50.0,
I0169,156,206,66,24.761,False,,inset_provisional,5.4474,0.003752,0.047896,0.00065017,50.0,
I0170,104,14,66,52.716,False,,inset_provisional,11.5975,0.007987,0.101971,0.00138422,50.0,
I0171,228,122,66,83.714,False,,inset_provisional,18.4171,0.012684,0.161932,0.00219816,50.0,
I0172,124,243,66,76.435,False,,inset_provisional,16.8157,0.011581,0.147852,0.00200703,50.0,
XFRM9000,248,104,66,0.0,,,transformer,0.0,0.005,0.1,0.0,80.0,True
XFRM9001,249,41,66,0.0,,,transformer,0.0,0.005,0.1,0.0,80.0,True
XFRM9002,250,135,66,0.0,,,transformer,0.0,0.005,0.1,0.0,80.0,True
XFRM9003,251,79,66,0.0,,,transformer,0.0,0.005,0.1,0.0,80.0,True
XFRM9004,252,2,66,0.0,,,transformer,0.0,0.005,0.1,0.0,80.0,True
XFRM9005,253,40,66,0.0,,,transformer,0.0,0.005,0.1,0.0,80.0,True
XFRM9006,254,84,66,0.0,,,transformer,0.0,0.005,0.1,0.0,80.0,True
