line_id,bus0_id,bus1_id,voltage_kv,length_pdf,in_csv,geometry,connection_type,length_km,r_pu,x_pu,b_pu,rating_mva
L0001,0,1,66,79.081,False,"[[480.6, 147.631], [486.36, 153.031], [496.32, 183.631], [498.264, 183.792], [500.208, 183.952], [502.152, 184.11], [504.096, 184.267], [506.04, 184.422], [507.984, 184.577], [509.928, 184.731], [511.872, 184.885], [513.816, 185.038], [515.76, 185.191], [517.704, 185.344], [519.648, 185.497], [521.592, 185.651], [523.536, 185.805], [525.48, 185.96], [527.424, 186.116], [529.368, 186.273], [531.312, 186.431], [533.256, 186.59], [535.2, 186.751]]",actual,13.4438,0.009259,0.118204,0.00160457,50.0
L0002,0,2,66,38.067,False,"[[464.52, 180.151], [464.64, 169.711], [480.24, 146.911]]",actual,6.4714,0.004457,0.0569,0.00077239,50.0
L0003,0,3,66,32.019,False,"[[481.56, 146.911], [470.52, 136.711], [469.44, 129.991], [470.88, 119.911]]",actual,5.4432,0.003749,0.047859,0.00064967,50.0
L0004,0,9,66,14.122,False,"[[498.48, 138.391], [495.48, 124.591]]",actual,2.4007,0.001653,0.021108,0.00028654,50.0
L0005,0,7,66,14.118,False,"[[509.4, 131.311], [496.92, 137.911]]",actual,2.4001,0.001653,0.021102,0.00028646,50.0
L0006,0,22,66,19.525,False,"[[490.08, 141.751], [486.6, 131.911], [486.149, 131.826], [485.697, 131.751], [485.243, 131.685], [484.788, 131.625], [484.333, 131.572], [483.877, 131.523], [483.421, 131.479], [482.965, 131.437], [482.51, 131.396], [482.055, 131.356], [481.601, 131.315], [481.148, 131.272], [480.697, 131.225], [480.247, 131.174], [479.799, 131.118], [479.354, 131.055], [478.911, 130.984], [478.471, 130.904], [478.034, 130.813], [477.6, 130.711]]",actual,3.3192,0.002286,0.029184,0.00039617,50.0
L0007,0,25,66,12.283,False,"[[467.52, 141.991], [479.4, 145.111]]",actual,2.0881,0.001438,0.01836,0.00024923,50.0
L0008,0,26,66,26.57,False,"[[454.2, 158.671], [478.2, 147.271]]",actual,4.5169,0.003111,0.039715,0.00053911,50.0
L0009,1,4,66,21.388,False,"[[533.88, 187.711], [529.44, 198.631], [519.84, 198.631]]",actual,3.636,0.002504,0.031969,0.00043397,50.0
L0010,1,14,66,22.395,False,"[[550.92, 197.791], [530.52, 188.551]]",actual,3.8072,0.002622,0.033474,0.0004544,50.0
L0011,1,16,66,31.96,False,"[[533.88, 188.071], [537.48, 179.911], [537.72, 156.871]]",actual,5.4332,0.003742,0.047771,0.00064848,50.0
L0012,5,6,66,13.967,False,"[[545.4, 83.191], [554.4, 93.871]]",actual,2.3744,0.001635,0.020877,0.00028339,50.0
L0013,5,12,66,17.542,False,"[[547.56, 79.711], [557.04, 64.951]]",actual,2.9821,0.002054,0.02622,0.00035593,50.0
L0014,5,23,66,16.175,False,"[[538.68, 92.911], [547.68, 79.471]]",actual,2.7498,0.001894,0.024177,0.00032819,50.0
L0015,7,8,66,20.696,False,"[[520.08, 125.431], [524.76, 145.591]]",actual,3.5183,0.002423,0.030935,0.00041993,50.0
L0016,7,10,66,26.631,False,"[[510.6, 100.831], [520.2, 125.671]]",actual,4.5273,0.003118,0.039806,0.00054035,50.0
L0017,8,11,66,34.609,False,"[[505.68, 117.511], [513.6, 135.991], [518.16, 139.231], [522.0, 147.271]]",actual,5.8835,0.004052,0.051731,0.00070223,50.0
L0018,8,16,66,14.079,False,"[[537.72, 156.871], [526.08, 148.951]]",actual,2.3934,0.001648,0.021044,0.00028567,50.0
L0019,10,23,66,11.819,False,"[[527.64, 95.671], [539.04, 92.551]]",actual,2.0092,0.001384,0.017666,0.00023981,50.0
L0020,12,13,66,123.65,False,"[[555.96, 66.391], [570.36, 84.991], [576.72, 89.551], [582.96, 104.911], [582.96, 115.951], [573.6, 135.631], [581.88, 150.991], [581.88, 176.431]]",actual,21.0205,0.014477,0.184822,0.00250889,50.0
L0021,12,24,66,13.225,False,"[[556.44, 65.551], [567.12, 57.751]]",actual,2.2483,0.001548,0.019768,0.00026834,50.0
L0022,13,15,66,16.431,False,"[[578.28, 180.271], [562.68, 175.111]]",actual,2.7933,0.001924,0.02456,0.00033339,50.0
L0023,13,31,66,68.671,False,"[[580.08, 183.631], [579.343, 183.577], [578.607, 183.523], [577.873, 183.469], [577.14, 183.415], [576.409, 183.361], [575.678, 183.307], [574.948, 183.253], [574.218, 183.199], [573.489, 183.145], [572.76, 183.091], [572.031, 183.037], [571.302, 182.983], [570.572, 182.929], [569.842, 182.875], [569.111, 182.821], [568.38, 182.767], [567.647, 182.713], [566.913, 182.659], [566.177, 182.605], [565.44, 182.551], [556.44, 200.551], [557.663, 201.69], [558.885, 202.839], [560.105, 203.997], [561.324, 205.162], [562.543, 206.334], [563.761, 207.511], [564.979, 208.692], [566.197, 209.877], [567.416, 211.063], [568.635, 212.251], [569.855, 213.439], [571.076, 214.626], [572.299, 215.81], [573.523, 216.992], [574.749, 218.169], [575.978, 219.34], [577.209, 220.505], [578.443, 221.663], [579.68, 222.812], [580.92, 223.951]]",actual,11.6741,0.00804,0.102644,0.00139335,50.0
L0024,14,15,66,25.548,False,"[[562.68, 175.111], [550.92, 197.791]]",actual,4.3432,0.002991,0.038187,0.00051838,50.0
L0025,16,29,66,11.001,False,"[[528.0, 163.951], [534.96, 155.431]]",actual,1.8702,0.001288,0.016443,0.00022321,50.0
L0026,18,19,66,20.459,False,"[[571.44, 85.471], [574.08, 96.991], [570.12, 104.671]]",actual,3.478,0.002395,0.03058,0.00041512,50.0
L0027,20,21,66,19.27,False,"[[491.88, 169.471], [509.28, 161.191]]",actual,3.2759,0.002256,0.028803,0.00039099,50.0
L0028,25,30,66,19.366,False,"[[460.68, 124.711], [468.12, 142.591]]",actual,3.2922,0.002267,0.028947,0.00039294,50.0
L0029,27,28,66,12.141,False,"[[464.64, 153.511], [455.76, 145.231]]",actual,2.064,0.001421,0.018147,0.00024634,50.0
L0030,32,33,66,16.253,False,"[[573.36, 216.871], [568.8, 232.471]]",actual,2.763,0.001903,0.024294,0.00032978,50.0
171C,34,38,66,83.4,False,"[[486.48, 672.751], [490.08, 689.791], [480.0, 713.791], [479.531, 713.774], [479.026, 713.759], [478.49, 713.744], [477.925, 713.732], [477.337, 713.72], [476.73, 713.709], [476.106, 713.699], [475.471, 713.689], [474.827, 713.68], [474.18, 713.671], [473.533, 713.662], [472.889, 713.653], [472.254, 713.643], [471.63, 713.633], [471.022, 713.622], [470.435, 713.611], [469.87, 713.598], [469.334, 713.584], [468.829, 713.568], [468.36, 713.551], [464.76, 685.471]]",actual,14.178,0.009764,0.12466,0.00169221,50.0
L0031,34,38,66,21.108,False,"[[486.48, 683.311], [468.0, 693.511]]",actual,3.5884,0.002471,0.031551,0.00042829,50.0
172D,34,156,66,31.328,False,"[[463.68, 695.671], [460.2, 696.991], [433.08, 702.151]]",actual,5.3258,0.003668,0.046827,0.00063565,50.0
L0032,35,36,66,83.212,False,"[[709.08, 218.071], [720.24, 232.591], [724.92, 236.671], [729.12, 247.591], [729.12, 254.551], [723.72, 267.511], [728.64, 276.511], [726.6, 292.111]]",actual,14.146,0.009742,0.124379,0.00168839,50.0
L0033,35,37,66,34.667,False,"[[682.8, 237.031], [683.467, 236.869], [684.135, 236.707], [684.805, 236.545], [685.476, 236.383], [686.149, 236.221], [686.822, 236.059], [687.496, 235.897], [688.17, 235.735], [688.845, 235.573], [689.52, 235.411], [690.195, 235.249], [690.87, 235.087], [691.544, 234.925], [692.218, 234.763], [692.891, 234.601], [693.564, 234.439], [694.235, 234.277], [694.905, 234.115], [695.573, 233.953], [696.24, 233.791], [702.96, 228.631], [709.2, 217.951]]",actual,5.8934,0.004059,0.051817,0.0007034,50.0
L0034,35,76,66,77.013,False,"[[709.08, 218.071], [719.16, 201.031], [740.4, 180.511], [751.68, 171.271], [751.44, 170.785], [751.188, 170.265], [750.927, 169.714], [750.657, 169.137], [750.379, 168.537], [750.095, 167.919], [749.805, 167.285], [749.512, 166.64], [749.217, 165.988], [748.92, 165.331], [748.623, 164.675], [748.328, 164.022], [748.035, 163.377], [747.745, 162.744], [747.461, 162.125], [747.183, 161.525], [746.913, 160.948], [746.651, 160.398], [746.4, 159.878], [746.16, 159.391]]",actual,13.0922,0.009017,0.115113,0.00156261,50.0
L0035,36,117,66,54.44,False,"[[722.64, 294.871], [722.263, 294.817], [721.887, 294.763], [721.513, 294.71], [721.14, 294.656], [720.769, 294.603], [720.398, 294.55], [720.028, 294.498], [719.658, 294.447], [719.289, 294.396], [718.92, 294.346], [718.551, 294.297], [718.182, 294.249], [717.812, 294.202], [717.442, 294.156], [717.071, 294.112], [716.7, 294.069], [716.327, 294.027], [715.953, 293.987], [715.577, 293.948], [715.2, 293.911], [706.92, 314.551], [717.0, 321.631], [727.32, 328.471]]",actual,9.2548,0.006374,0.081373,0.0011046,50.0
L0036,36,40,66,48.55,False,"[[724.8, 291.151], [713.4, 287.551], [703.56, 310.471], [693.72, 304.231]]",actual,8.2535,0.005684,0.072569,0.00098509,50.0
L0037,37,39,66,21.025,False,"[[684.36, 238.351], [690.72, 258.391]]",actual,3.5743,0.002462,0.031426,0.0004266,50.0
L0038,37,230,66,24.696,False,"[[687.24, 233.671], [672.48, 213.871]]",actual,4.1983,0.002891,0.036914,0.00050109,50.0
L0039,38,45,66,78.187,False,"[[506.64, 665.191], [506.88, 646.231], [508.92, 641.791], [509.04, 636.151], [505.68, 627.991], [490.56, 648.631], [490.562, 648.64], [490.5, 648.737], [490.376, 648.916], [490.194, 649.174], [489.958, 649.505], [489.671, 649.906], [489.337, 650.371], [488.959, 650.897], [488.54, 651.478], [488.085, 652.111], [487.596, 652.791], [487.078, 653.513], [486.533, 654.273], [485.966, 655.066], [485.379, 655.887], [484.777, 656.734], [484.162, 657.6], [483.539, 658.481], [482.91, 659.373], [482.28, 660.271]]",actual,13.2918,0.009154,0.116868,0.00158643,50.0
L0040,38,45,66,18.446,False,"[[509.28, 670.471], [497.04, 684.271]]",actual,3.1358,0.00216,0.027572,0.00037427,50.0
L0041,38,45,66,12.956,False,"[[507.6, 666.991], [495.12, 670.471]]",actual,2.2025,0.001517,0.019366,0.00026288,50.0
L0042,38,45,66,18.386,False,"[[505.44, 669.751], [490.56, 680.551]]",actual,3.1256,0.002153,0.027482,0.00037306,50.0
171A,38,149,66,23.16,False,"[[497.04, 684.271], [497.04, 707.431]]",actual,3.9372,0.002712,0.034618,0.00046992,50.0
L0043,38,44,66,11.64,False,"[[474.36, 655.471], [483.0, 647.671]]",actual,1.9788,0.001363,0.017399,0.00023618,50.0
L0044,39,40,66,52.456,False,"[[662.04, 273.631], [662.475, 274.847], [662.914, 276.115], [663.357, 277.428], [663.804, 278.783], [664.254, 280.171], [664.706, 281.589], [665.16, 283.029], [665.615, 284.487], [666.07, 285.956], [666.525, 287.431], [666.979, 288.906], [667.431, 290.376], [667.882, 291.833], [668.329, 293.274], [668.773, 294.691], [669.213, 296.08], [669.648, 297.434], [670.078, 298.748], [670.502, 300.015], [670.92, 301.231], [672.167, 301.336], [673.39, 301.434], [674.591, 301.526], [675.773, 301.613], [676.939, 301.696], [678.091, 301.776], [679.233, 301.852], [680.366, 301.926], [681.495, 301.999], [682.62, 302.071], [683.745, 302.143], [684.874, 302.216], [686.007, 302.29], [687.149, 302.367], [688.301, 302.446], [689.467, 302.529], [690.649, 302.616], [691.85, 302.709], [693.073, 302.807], [694.32, 302.911]]",actual,8.9175,0.006142,0.078407,0.00106435,50.0
L0045,39,40,66,22.963,False,"[[693.12, 303.751], [696.24, 297.751], [696.24, 281.551]]",actual,3.9037,0.002689,0.034323,0.00046592,50.0
L0046,39,147,66,36.939,False,"[[659.04, 275.671], [666.0, 303.031], [664.2, 311.551]]",actual,6.2796,0.004325,0.055213,0.0007495,50.0
L0047,39,206,66,26.388,False,"[[680.4, 250.231], [684.6, 262.231], [687.72, 267.031], [691.56, 273.991]]",actual,4.486,0.00309,0.039443,0.00053542,50.0
115H,41,42,66,62.306,False,"[[530.16, 606.271], [538.8, 592.711], [542.04, 592.711], [546.0, 584.911], [554.64, 577.231], [554.64, 554.551]]",actual,10.592,0.007295,0.09313,0.0012642,50.0
L0048,41,44,66,16.526,False,"[[521.64, 620.431], [530.16, 606.271]]",actual,2.8094,0.001935,0.024702,0.00033532,50.0
L0049,41,78,66,10.92,False,"[[538.32, 593.671], [538.32, 582.751]]",actual,1.8564,0.001279,0.016322,0.00022157,50.0
1908,42,56,66,14.312,False,"[[555.36, 553.111], [563.16, 541.111]]",actual,2.433,0.001676,0.021392,0.00029039,50.0
115F,43,44,66,21.277,False,"[[512.76, 646.231], [513.36, 638.911], [513.12, 634.711], [510.48, 625.351]]",actual,3.6171,0.002491,0.031803,0.00043172,50.0
115E,43,45,66,17.653,False,"[[511.2, 666.391], [513.36, 648.871]]",actual,3.001,0.002067,0.026386,0.00035818,50.0
L0050,44,151,66,11.716,False,"[[499.8, 618.751], [506.16, 628.591]]",actual,1.9917,0.001372,0.017512,0.00023772,50.0
L0051,45,50,66,179.188,False,"[[602.76, 805.831], [602.321, 805.734], [601.904, 805.656], [601.505, 805.595], [601.123, 805.549], [600.756, 805.516], [600.4, 805.494], [600.055, 805.481], [599.717, 805.474], [599.384, 805.472], [599.055, 805.471], [598.727, 805.471], [598.397, 805.468], [598.063, 805.461], [597.724, 805.448], [597.377, 805.426], [597.019, 805.393], [596.649, 805.348], [596.264, 805.287], [595.862, 805.209], [595.44, 805.111], [587.88, 795.751], [593.28, 775.831], [578.04, 742.951], [571.56, 735.271], [565.32, 728.071], [535.08, 709.951], [521.88, 698.311], [512.52, 687.631], [508.8, 671.791]]",actual,30.462,0.020979,0.267836,0.00363577,50.0
L0052,46,47,66,84.055,False,"[[188.88, 429.871], [195.72, 439.111], [190.8, 448.351], [219.12, 471.751], [229.08, 471.751], [229.087, 471.147], [229.107, 470.492], [229.138, 469.79], [229.18, 469.048], [229.23, 468.271], [229.287, 467.466], [229.35, 466.637], [229.418, 465.792], [229.488, 464.934], [229.56, 464.071], [229.632, 463.208], [229.702, 462.351], [229.77, 461.505], [229.833, 460.677], [229.89, 459.871], [229.94, 459.095], [229.982, 458.352], [230.013, 457.651], [230.033, 456.995], [230.04, 456.391]]",actual,14.2894,0.009841,0.125639,0.0017055,50.0
L0053,46,109,66,63.628,False,"[[129.96, 448.831], [172.2, 425.551], [187.56, 426.631]]",actual,10.8168,0.00745,0.095106,0.00129103,50.0
L0054,46,110,66,74.651,False,"[[198.72, 426.271], [203.52, 418.351], [203.935, 417.912], [204.352, 417.492], [204.776, 417.085], [205.209, 416.688], [205.654, 416.296], [206.114, 415.904], [206.593, 415.507], [207.093, 415.101], [207.618, 414.68], [208.17, 414.241], [208.753, 413.779], [209.369, 413.288], [210.022, 412.765], [210.715, 412.204], [211.451, 411.601], [212.233, 410.952], [213.064, 410.25], [213.946, 409.493], [214.884, 408.675], [215.88, 407.791], [216.529, 407.192], [217.18, 406.583], [217.833, 405.964], [218.488, 405.337], [219.146, 404.703], [219.807, 404.062], [220.47, 403.415], [221.137, 402.763], [221.807, 402.106], [222.48, 401.446], [223.157, 400.783], [223.837, 400.119], [224.522, 399.453], [225.211, 398.787], [225.904, 398.122], [226.601, 397.458], [227.303, 396.796], [228.011, 396.137], [228.723, 395.482], [229.44, 394.831], [249.84, 380.671], [254.88, 382.951]]",actual,12.6907,0.00874,0.111582,0.00151469,50.0
L0055,47,49,66,82.252,False,"[[251.76, 525.031], [249.84, 516.391], [258.12, 505.351], [258.48, 500.431], [249.72, 489.271], [247.56, 481.711], [238.68, 467.791], [232.92, 463.951], [232.836, 463.592], [232.764, 463.2], [232.701, 462.78], [232.647, 462.335], [232.601, 461.868], [232.561, 461.384], [232.527, 460.886], [232.496, 460.378], [232.467, 459.864], [232.44, 459.346], [232.413, 458.83], [232.384, 458.318], [232.353, 457.814], [232.319, 457.323], [232.279, 456.847], [232.233, 456.39], [232.179, 455.957], [232.116, 455.55], [232.044, 455.173], [231.96, 454.831]]",actual,13.9828,0.00963,0.122944,0.00166891,50.0
L0056,48,49,66,190.087,False,"[[99.72, 569.311], [103.08, 564.631], [111.48, 568.591], [124.56, 570.751], [142.08, 573.511], [153.96, 562.351], [164.16, 542.071], [177.12, 533.431], [190.08, 537.151], [195.84, 528.751], [208.8, 526.831], [209.069, 526.793], [209.337, 526.749], [209.602, 526.701], [209.867, 526.65], [210.129, 526.595], [210.391, 526.537], [210.651, 526.478], [210.91, 526.416], [211.168, 526.354], [211.425, 526.291], [211.681, 526.228], [211.936, 526.166], [212.191, 526.105], [212.445, 526.045], [212.698, 525.987], [212.951, 525.933], [213.204, 525.881], [213.456, 525.833], [213.708, 525.79], [213.96, 525.751], [227.64, 514.711], [241.08, 521.311], [247.32, 518.191], [249.6, 525.751]]",actual,32.3148,0.022255,0.284127,0.00385691,50.0
L0057,48,153,66,45.387,False,"[[73.32, 556.111], [78.72, 544.951], [86.52, 547.231], [103.92, 564.991]]",actual,7.7158,0.005314,0.067841,0.00092091,50.0
L0058,50,64,66,23.254,False,"[[604.92, 805.111], [598.08, 799.351], [598.08, 791.431], [602.16, 786.511]]",actual,3.9532,0.002723,0.034758,0.00047183,50.0
L0059,50,65,66,50.259,False,"[[625.32, 798.391], [632.04, 804.991], [630.84, 810.391], [624.12, 810.991], [622.8, 814.351], [619.8, 816.391], [618.0, 815.671], [615.48, 816.991], [610.8, 815.791], [606.0, 805.111]]",actual,8.544,0.005884,0.075123,0.00101977,50.0
L0060,50,66,66,84.914,False,"[[605.52, 806.431], [605.64, 819.031], [615.72, 838.111], [635.76, 867.391], [638.28, 876.511], [637.68, 882.271]]",actual,14.4354,0.009942,0.126923,0.00172293,50.0
L0061,50,75,66,102.397,False,"[[505.92, 802.951], [527.04, 809.311], [577.56, 806.431], [600.48, 810.991], [605.16, 806.671]]",actual,17.4075,0.011989,0.153055,0.00207766,50.0
L0062,51,98,66,14.086,False,"[[544.92, 340.591], [534.96, 330.631]]",actual,2.3946,0.001649,0.021055,0.00028581,50.0
L0063,52,53,66,23.675,False,"[[398.4, 361.591], [410.76, 348.991], [406.56, 344.671]]",actual,4.0248,0.002772,0.035387,0.00048037,50.0
L0064,52,58,66,45.051,False,"[[403.92, 370.111], [397.08, 359.071], [390.0, 357.751], [384.72, 349.951], [390.6, 335.671]]",actual,7.6587,0.005275,0.067339,0.0009141,50.0
L0065,52,58,66,16.279,False,"[[399.84, 356.311], [398.52, 354.511], [391.2, 353.791], [387.6, 348.151]]",actual,2.7674,0.001906,0.024333,0.0003303,50.0
L0066,52,163,66,18.267,False,"[[390.84, 366.511], [387.0, 364.951], [374.16, 370.831]]",actual,3.1054,0.002139,0.027304,0.00037064,50.0
L0067,54,55,66,33.06,False,"[[582.72, 519.991], [610.68, 502.351]]",actual,5.6202,0.003871,0.049415,0.0006708,50.0
L0068,54,57,66,14.526,False,"[[579.48, 534.151], [582.72, 519.991]]",actual,2.4694,0.001701,0.021712,0.00029474,50.0
L0069,55,126,66,17.285,False,"[[620.28, 502.351], [633.48, 513.511]]",actual,2.9385,0.002024,0.025836,0.00035072,50.0
312H,55,114,66,182.35,False,"[[655.44, 331.471], [627.6, 389.671], [617.28, 395.311], [622.44, 427.231], [621.12, 440.671], [623.04, 456.991], [616.56, 500.311]]",actual,30.9995,0.02135,0.272562,0.00369993,50.0
L0070,56,57,66,17.742,False,"[[563.16, 541.111], [579.48, 534.151]]",actual,3.0161,0.002077,0.026519,0.00035999,50.0
L0071,57,169,66,11.592,False,"[[578.28, 535.471], [583.56, 545.791]]",actual,1.9706,0.001357,0.017327,0.0002352,50.0
L0072,58,216,33,51.075,False,"[[345.72, 319.591], [345.969, 319.679], [346.214, 319.761], [346.455, 319.839], [346.692, 319.912], [346.926, 319.981], [347.157, 320.047], [347.388, 320.109], [347.617, 320.169], [347.846, 320.226], [348.075, 320.281], [348.305, 320.334], [348.537, 320.386], [348.77, 320.437], [349.007, 320.487], [349.247, 320.536], [349.491, 320.586], [349.74, 320.636], [349.994, 320.686], [350.253, 320.738], [350.52, 320.791], [352.825, 320.566], [355.131, 320.393], [357.439, 320.267], [359.748, 320.184], [362.057, 320.139], [364.367, 320.128], [366.677, 320.147], [368.987, 320.192], [371.296, 320.258], [373.605, 320.341], [375.913, 320.437], [378.22, 320.541], [380.525, 320.648], [382.829, 320.756], [385.131, 320.859], [387.43, 320.952], [389.727, 321.033], [392.021, 321.096], [394.312, 321.137], [396.6, 321.151]]",actual,8.6828,0.045208,0.310952,0.00028367,20.0
195D,59,60,66,115.104,False,"[[468.24, 463.831], [473.16, 482.191], [466.32, 486.631], [458.16, 479.671], [431.4, 509.791], [425.4, 542.311], [425.202, 542.293], [425.004, 542.275], [424.806, 542.257], [424.609, 542.239], [424.412, 542.221], [424.215, 542.203], [424.019, 542.185], [423.824, 542.167], [423.629, 542.149], [423.435, 542.131], [423.242, 542.113], [423.05, 542.095], [422.859, 542.077], [422.669, 542.059], [422.481, 542.041], [422.293, 542.023], [422.108, 542.005], [421.923, 541.987], [421.741, 541.969], [421.56, 541.951]]",actual,19.5677,0.013476,0.172048,0.00233549,50.0
L0073,59,91,66,13.798,False,"[[466.8, 467.791], [470.4, 481.111]]",actual,2.3457,0.001615,0.020624,0.00027996,50.0
L0074,59,105,66,20.28,False,"[[467.88, 466.351], [488.16, 466.351]]",actual,3.4476,0.002374,0.030313,0.00041149,50.0
L0075,60,61,66,89.217,False,"[[421.2, 545.191], [424.92, 545.791], [432.0, 566.071], [440.16, 574.471], [454.2, 598.231], [466.92, 603.871], [470.64, 610.111], [470.64, 613.591]]",actual,15.1669,0.010446,0.133354,0.00181024,50.0
172B,61,150,66,15.84,False,"[[470.64, 612.391], [486.48, 612.391]]",actual,2.6928,0.001855,0.023676,0.0003214,50.0
L0076,62,63,66,33.69,False,"[[623.16, 543.871], [618.0, 542.911], [618.24, 533.791], [618.511, 533.809], [618.783, 533.827], [619.058, 533.845], [619.333, 533.863], [619.611, 533.881], [619.889, 533.899], [620.169, 533.917], [620.45, 533.935], [620.732, 533.953], [621.015, 533.971], [621.299, 533.989], [621.584, 534.007], [621.869, 534.025], [622.155, 534.043], [622.442, 534.061], [622.729, 534.079], [623.016, 534.097], [623.304, 534.115], [623.592, 534.133], [623.88, 534.151], [626.28, 532.831], [635.64, 538.471]]",actual,5.7273,0.003944,0.050357,0.00068358,50.0
1209,63,126,66,19.041,False,"[[633.48, 513.511], [636.96, 532.231]]",actual,3.237,0.002229,0.028461,0.00038635,50.0
L0077,64,67,66,23.247,False,"[[616.56, 764.431], [621.96, 769.471], [628.08, 764.311], [625.56, 756.871]]",actual,3.952,0.002722,0.034748,0.00047169,50.0
L0078,65,67,66,11.704,False,"[[636.12, 763.231], [639.24, 774.511]]",actual,1.9897,0.00137,0.017494,0.00023748,50.0
L0079,67,90,66,39.569,False,"[[635.64, 756.151], [660.12, 733.591], [665.76, 736.351]]",actual,6.7267,0.004633,0.059145,0.00080286,50.0
L0080,68,69,66,28.819,False,"[[717.0, 321.391], [703.92, 347.071]]",actual,4.8992,0.003374,0.043076,0.00058474,50.0
L0081,69,70,66,90.103,False,"[[701.76, 348.151], [705.48, 358.831], [716.16, 375.751], [719.88, 382.111], [721.08, 391.231], [725.16, 397.111], [725.76, 406.231], [728.76, 411.271], [729.193, 411.397], [729.627, 411.523], [730.063, 411.649], [730.5, 411.774], [730.939, 411.899], [731.378, 412.024], [731.818, 412.148], [732.258, 412.272], [732.699, 412.394], [733.14, 412.516], [733.581, 412.637], [734.022, 412.757], [734.462, 412.876], [734.902, 412.994], [735.341, 413.111], [735.779, 413.226], [736.217, 413.339], [736.653, 413.452], [737.087, 413.562], [737.52, 413.671], [738.059, 413.797], [738.597, 413.923], [739.133, 414.049], [739.667, 414.175], [740.201, 414.301], [740.734, 414.427], [741.266, 414.553], [741.798, 414.679], [742.329, 414.805], [742.86, 414.931], [743.391, 415.057], [743.922, 415.183], [744.454, 415.309], [744.986, 415.435], [745.519, 415.561], [746.052, 415.687], [746.587, 415.813], [747.123, 415.939], [747.661, 416.065], [748.2, 416.191]]",actual,15.3175,0.010549,0.134679,0.00182821,50.0
L0082,69,119,66,16.249,False,"[[703.92, 348.511], [716.04, 352.471], [717.36, 355.711]]",actual,2.7623,0.001902,0.024288,0.0003297,50.0
L0083,69,120,66,10.704,False,"[[699.0, 348.511], [688.92, 352.111]]",actual,1.8197,0.001253,0.015999,0.00021719,50.0
L0084,70,73,66,39.394,False,"[[748.32, 418.591], [746.4, 422.791], [752.28, 424.231], [756.24, 417.151], [754.32, 396.631]]",actual,6.697,0.004612,0.058883,0.00079931,50.0
L0085,71,72,66,13.925,False,"[[648.48, 1037.552], [658.68, 1047.032]]",actual,2.3673,0.00163,0.020814,0.00028254,50.0
L0086,71,88,66,93.434,False,"[[579.24, 1050.032], [582.84, 1040.312], [586.44, 1036.832], [588.84, 1024.472], [589.578, 1024.454], [590.316, 1024.436], [591.054, 1024.418], [591.792, 1024.4], [592.53, 1024.382], [593.268, 1024.364], [594.006, 1024.346], [594.744, 1024.328], [595.482, 1024.31], [596.22, 1024.292], [596.958, 1024.274], [597.696, 1024.256], [598.434, 1024.238], [599.172, 1024.22], [599.91, 1024.202], [600.648, 1024.184], [601.386, 1024.166], [602.124, 1024.148], [602.862, 1024.13], [603.6, 1024.112], [611.16, 1022.672], [615.6, 1023.392], [642.84, 1040.912], [647.88, 1037.432]]",actual,15.8838,0.010939,0.139658,0.0018958,50.0
L0087,71,89,66,12.646,False,"[[646.44, 1036.352], [642.12, 1031.792], [641.88, 1025.432]]",actual,2.1498,0.001481,0.018902,0.00025659,50.0
L0088,74,75,66,10.764,False,"[[492.36, 800.431], [492.868, 800.472], [493.385, 800.52], [493.908, 800.576], [494.438, 800.638], [494.974, 800.705], [495.514, 800.777], [496.057, 800.852], [496.603, 800.93], [497.151, 801.01], [497.7, 801.091], [498.249, 801.172], [498.797, 801.252], [499.343, 801.33], [499.886, 801.406], [500.426, 801.477], [500.962, 801.545], [501.492, 801.607], [502.015, 801.662], [502.532, 801.711], [503.04, 801.751]]",actual,1.8299,0.00126,0.016089,0.0002184,50.0
L0089,74,101,66,34.672,False,"[[481.68, 797.431], [477.96, 799.111], [466.08, 799.951], [461.28, 804.031], [448.92, 804.751]]",actual,5.8942,0.004059,0.051825,0.0007035,50.0
L0090,75,84,66,14.88,False,"[[504.0, 816.871], [504.0, 816.194], [504.0, 815.496], [504.0, 814.778], [504.0, 814.045], [504.0, 813.297], [504.0, 812.538], [504.0, 811.77], [504.0, 810.994], [504.0, 810.214], [504.0, 809.431], [504.0, 808.649], [504.0, 807.868], [504.0, 807.093], [504.0, 806.324], [504.0, 805.565], [504.0, 804.817], [504.0, 804.084], [504.0, 803.367], [504.0, 802.669], [504.0, 801.991]]",actual,2.5296,0.001742,0.022241,0.00030192,50.0
L0091,75,86,66,38.29,False,"[[506.64, 802.831], [514.08, 840.391]]",actual,6.5093,0.004483,0.057233,0.00077691,50.0
L0092,76,77,66,34.933,False,"[[749.28, 157.111], [755.76, 168.391], [770.4, 152.071]]",actual,5.9386,0.00409,0.052215,0.0007088,50.0
L0093,76,161,66,25.811,False,"[[751.68, 171.271], [754.68, 177.031], [772.92, 183.391]]",actual,4.3879,0.003022,0.03858,0.00052371,50.0
L0094,76,172,66,21.917,False,"[[750.96, 169.231], [735.12, 174.151], [730.56, 171.391]]",actual,3.7259,0.002566,0.03276,0.0004447,50.0
L0095,76,173,66,21.078,False,"[[750.0, 167.071], [737.16, 169.591], [736.08, 161.671]]",actual,3.5833,0.002468,0.031506,0.00042768,50.0
142B,79,82,66,55.677,False,"[[351.24, 805.951], [336.24, 772.711], [336.24, 767.791], [334.32, 753.631]]",actual,9.4651,0.006519,0.083222,0.0011297,50.0
142D,79,159,66,17.176,False,"[[354.6, 824.071], [352.44, 807.031]]",actual,2.9199,0.002011,0.025673,0.00034851,50.0
L0096,79,159,66,16.662,False,"[[360.84, 824.071], [357.48, 807.751]]",actual,2.8325,0.001951,0.024905,0.00033808,50.0
L0097,80,81,66,43.017,False,"[[335.64, 728.431], [336.12, 725.311], [353.16, 709.471], [368.28, 702.631]]",actual,7.3129,0.005036,0.064298,0.00087283,50.0
L0098,80,82,66,18.505,False,"[[334.32, 753.631], [335.28, 735.151]]",actual,3.1459,0.002167,0.02766,0.00037547,50.0
L0099,81,137,66,10.817,False,"[[373.32, 711.991], [370.08, 701.671]]",actual,1.8389,0.001266,0.016168,0.00021948,50.0
183B,81,137,66,13.447,False,"[[379.08, 710.671], [371.76, 699.391]]",actual,2.286,0.001574,0.020099,0.00027284,50.0
L0100,81,217,33,20.324,False,"[[369.72, 695.191], [369.412, 695.29], [369.132, 695.371], [368.879, 695.437], [368.649, 695.491], [368.437, 695.534], [368.243, 695.57], [368.061, 695.601], [367.888, 695.629], [367.723, 695.657], [367.56, 695.686], [367.397, 695.72], [367.232, 695.761], [367.059, 695.812], [366.877, 695.874], [366.682, 695.951], [366.471, 696.044], [366.241, 696.156], [365.988, 696.29], [365.708, 696.447], [365.4, 696.631], [364.609, 696.55], [363.819, 696.485], [363.031, 696.436], [362.244, 696.401], [361.459, 696.378], [360.674, 696.367], [359.89, 696.365], [359.106, 696.372], [358.323, 696.386], [357.54, 696.406], [356.757, 696.431], [355.974, 696.458], [355.19, 696.488], [354.406, 696.518], [353.621, 696.547], [352.836, 696.574], [352.049, 696.597], [351.261, 696.615], [350.471, 696.627], [349.68, 696.631]]",actual,3.4551,0.017989,0.123736,0.00011288,20.0
L0101,83,84,66,25.544,False,"[[486.24, 835.231], [504.0, 816.871]]",actual,4.3425,0.002991,0.038181,0.00051829,50.0
L0102,83,85,66,22.108,False,"[[465.84, 843.751], [486.24, 835.231]]",actual,3.7584,0.002588,0.033045,0.00044858,50.0
L0103,85,166,66,12.651,False,"[[461.28, 849.391], [471.24, 857.191]]",actual,2.1507,0.001481,0.01891,0.00025669,50.0
L0104,86,87,66,86.159,False,"[[514.08, 840.391], [553.56, 902.311], [553.8, 909.391], [548.16, 909.391]]",actual,14.647,0.010087,0.128784,0.00174819,50.0
134C,90,108,66,90.954,False,"[[666.72, 734.911], [662.88, 731.671], [678.96, 720.871], [697.68, 716.791], [717.24, 712.831], [717.978, 712.83], [718.716, 712.828], [719.454, 712.824], [720.192, 712.819], [720.93, 712.812], [721.668, 712.805], [722.406, 712.797], [723.144, 712.789], [723.882, 712.78], [724.62, 712.771], [725.358, 712.762], [726.096, 712.753], [726.834, 712.745], [727.572, 712.737], [728.31, 712.73], [729.048, 712.724], [729.786, 712.718], [730.524, 712.715], [731.262, 712.712], [732.0, 712.711], [743.88, 717.151]]",actual,15.4622,0.010649,0.135951,0.00184548,50.0
L0105,91,92,66,14.434,False,"[[466.8, 483.991], [456.24, 474.151]]",actual,2.4538,0.00169,0.021575,0.00029287,50.0
L0106,93,94,66,11.046,False,"[[527.16, 809.911], [526.8, 798.871]]",actual,1.8778,0.001293,0.016511,0.00022413,50.0
L0107,95,96,66,10.2,False,"[[548.88, 807.631], [548.88, 797.431]]",actual,1.734,0.001194,0.015246,0.00020696,50.0
L0108,97,98,66,34.725,False,"[[571.08, 357.511], [567.12, 349.711], [566.472, 349.711], [565.824, 349.711], [565.176, 349.711], [564.527, 349.711], [563.878, 349.711], [563.229, 349.711], [562.579, 349.711], [561.928, 349.711], [561.277, 349.711], [560.625, 349.711], [559.972, 349.711], [559.318, 349.711], [558.663, 349.711], [558.007, 349.711], [557.349, 349.711], [556.691, 349.711], [556.03, 349.711], [555.368, 349.711], [554.705, 349.711], [554.04, 349.711], [544.92, 340.591]]",actual,5.9033,0.004066,0.051904,0.00070458,50.0
L0109,97,121,66,38.593,False,"[[572.64, 356.071], [573.84, 347.431], [566.88, 331.591], [564.6, 319.231]]",actual,6.5608,0.004518,0.057686,0.00078306,50.0
L0110,97,124,66,11.39,False,"[[583.2, 366.271], [575.64, 357.751]]",actual,1.9363,0.001334,0.017025,0.00023111,50.0
L0111,97,155,66,14.292,False,"[[587.76, 351.151], [573.84, 347.911]]",actual,2.4296,0.001673,0.021363,0.00028999,50.0
L0112,99,162,66,14.509,False,"[[570.0, 338.551], [583.56, 333.391]]",actual,2.4665,0.001699,0.021687,0.00029439,50.0
142A,100,101,66,17.689,False,"[[448.92, 804.751], [431.28, 806.071]]",actual,3.0071,0.002071,0.02644,0.00035891,50.0
L0113,102,110,66,48.006,False,"[[254.76, 381.631], [258.24, 365.431], [264.0, 360.631], [265.68, 336.751]]",actual,8.161,0.005621,0.071756,0.00097405,50.0
L0114,102,148,66,14.545,False,"[[255.96, 321.031], [264.84, 332.551]]",actual,2.4727,0.001703,0.021741,0.00029512,50.0
L0115,103,104,66,15.65,False,"[[199.92, 528.271], [190.32, 515.911]]",actual,2.6605,0.001832,0.023392,0.00031754,50.0
L0116,105,106,66,17.846,False,"[[487.68, 466.591], [497.16, 451.471]]",actual,3.0338,0.002089,0.026675,0.0003621,50.0
L0117,105,175,66,10.155,False,"[[489.72, 462.511], [483.84, 454.231]]",actual,1.7264,0.001189,0.015179,0.00020605,50.0
L0118,106,107,66,22.493,False,"[[496.92, 451.951], [508.92, 449.911], [504.84, 440.431]]",actual,3.8238,0.002633,0.033621,0.00045639,50.0
L0119,107,144,66,10.631,False,"[[509.76, 440.431], [514.8, 449.791]]",actual,1.8073,0.001245,0.01589,0.00021571,50.0
L0120,107,144,66,27.216,False,"[[507.72, 440.671], [513.36, 451.231], [513.72, 466.471]]",actual,4.6267,0.003186,0.04068,0.00055222,50.0
L0121,107,164,66,34.132,False,"[[497.64, 420.271], [497.4, 428.791], [494.88, 435.631], [495.84, 442.591], [501.96, 445.831], [503.52, 441.751]]",actual,5.8024,0.003996,0.051018,0.00069255,50.0
L0122,111,112,66,43.93,False,"[[563.28, 436.231], [573.24, 423.511], [595.08, 419.911], [595.08, 414.271]]",actual,7.4681,0.005143,0.065663,0.00089135,50.0
L0123,111,113,66,14.631,False,"[[553.8, 445.471], [553.8, 441.871], [563.28, 436.231]]",actual,2.4873,0.001713,0.021869,0.00029687,50.0
L0124,112,123,66,29.911,False,"[[617.88, 412.111], [604.44, 412.111], [598.2, 418.831], [595.08, 412.231]]",actual,5.0849,0.003502,0.044709,0.0006069,50.0
L0125,113,145,66,22.344,False,"[[536.64, 467.071], [551.64, 450.511]]",actual,3.7985,0.002616,0.033398,0.00045337,50.0
L0126,114,115,66,27.374,False,"[[641.4, 318.871], [618.12, 333.271]]",actual,4.6536,0.003205,0.040916,0.00055543,50.0
L0127,114,116,66,27.114,False,"[[641.4, 316.951], [634.08, 315.511], [626.76, 297.271]]",actual,4.6094,0.003175,0.040528,0.00055015,50.0
L0128,114,122,66,31.302,False,"[[647.64, 346.591], [638.04, 327.511], [642.96, 318.871]]",actual,5.3213,0.003665,0.046788,0.00063513,50.0
L0129,114,147,66,21.779,False,"[[664.2, 311.551], [662.4, 316.591], [655.44, 331.471]]",actual,3.7024,0.00255,0.032554,0.0004419,50.0
L0130,117,118,66,75.162,False,"[[727.32, 328.471], [797.04, 356.551]]",actual,12.7775,0.0088,0.112346,0.00152506,50.0
L0131,120,158,66,11.402,False,"[[664.08, 358.711], [672.72, 366.151]]",actual,1.9383,0.001335,0.017043,0.00023135,50.0
L0132,123,125,66,22.604,False,"[[615.12, 399.871], [612.48, 399.871], [603.6, 381.991]]",actual,3.8427,0.002646,0.033787,0.00045864,50.0
L0133,124,125,66,12.464,False,"[[603.6, 381.991], [592.2, 376.951]]",actual,2.1189,0.001459,0.01863,0.0002529,50.0
L0134,124,171,66,21.425,False,"[[588.6, 372.511], [586.56, 380.431], [577.56, 390.151]]",actual,3.6423,0.002508,0.032024,0.00043472,50.0
L0135,127,128,66,75.973,False,"[[166.2, 364.711], [158.16, 349.231], [149.4, 325.591], [144.72, 321.391], [141.12, 310.831], [128.76, 300.871]]",actual,12.9154,0.008895,0.113558,0.00154151,50.0
L0136,127,154,66,63.052,False,"[[173.16, 425.791], [172.8, 400.711], [164.04, 375.271], [164.76, 364.231]]",actual,10.7188,0.007382,0.094245,0.00127934,50.0
L0137,131,132,66,19.993,False,"[[566.4, 787.351], [566.295, 788.297], [566.197, 789.26], [566.105, 790.239], [566.018, 791.232], [565.935, 792.236], [565.856, 793.249], [565.779, 794.27], [565.705, 795.296], [565.632, 796.326], [565.56, 797.356], [565.488, 798.386], [565.415, 799.413], [565.341, 800.434], [565.264, 801.449], [565.185, 802.454], [565.102, 803.449], [565.015, 804.429], [564.923, 805.395], [564.824, 806.343], [564.72, 807.271]]",actual,3.3988,0.002341,0.029884,0.00040566,50.0
113C,134,135,66,10.952,False,"[[567.12, 729.391], [576.12, 723.151]]",actual,1.8618,0.001282,0.01637,0.00022222,50.0
171B,134,177,66,20.791,False,"[[551.04, 736.951], [555.72, 736.591], [560.64, 732.991], [568.44, 734.911], [570.0, 733.711]]",actual,3.5345,0.002434,0.031077,0.00042185,50.0
L0138,137,157,66,30.139,False,"[[378.36, 710.431], [408.48, 709.351]]",actual,5.1236,0.003529,0.045049,0.00061153,50.0
L0139,137,229,66,170.707,False,"[[373.08, 711.751], [372.28, 711.898], [371.5, 712.049], [370.737, 712.205], [369.99, 712.366], [369.255, 712.529], [368.531, 712.696], [367.816, 712.866], [367.107, 713.038], [366.402, 713.211], [365.7, 713.386], [364.998, 713.562], [364.293, 713.738], [363.584, 713.915], [362.869, 714.091], [362.145, 714.266], [361.41, 714.439], [360.663, 714.611], [359.9, 714.781], [359.12, 714.947], [358.32, 715.111], [328.08, 737.431], [305.04, 749.791], [294.96, 749.791], [274.92, 764.671], [260.16, 801.751], [246.606, 811.82]]",actual,29.0202,0.019986,0.255159,0.00346369,50.0
L0140,138,229,66,46.636,False,"[[246.606, 811.82], [239.16, 817.351], [228.48, 825.391], [226.32, 840.751], [226.05, 840.869], [225.745, 841.004], [225.411, 841.156], [225.049, 841.321], [224.664, 841.499], [224.26, 841.688], [223.841, 841.884], [223.409, 842.088], [222.969, 842.295], [222.525, 842.506], [222.08, 842.718], [221.637, 842.928], [221.201, 843.136], [220.775, 843.339], [220.363, 843.536], [219.969, 843.723], [219.595, 843.901], [219.247, 844.066], [218.927, 844.217], [218.64, 844.351]]",actual,7.9281,0.00546,0.069708,0.00094626,50.0
L0141,139,140,66,11.958,False,"[[720.0, 232.231], [721.8, 237.751], [719.64, 243.511]]",actual,2.0329,0.0014,0.017874,0.00024263,50.0
L0142,144,145,66,27.849,False,"[[514.8, 449.791], [536.64, 467.071]]",actual,4.7343,0.003261,0.041626,0.00056506,50.0
L0143,150,151,66,14.76,False,"[[486.48, 612.391], [499.8, 618.751]]",actual,2.5092,0.001728,0.022062,0.00029948,50.0
L0144,152,153,66,12.225,False,"[[67.2, 542.671], [77.64, 549.031]]",actual,2.0783,0.001431,0.018273,0.00024805,50.0
171F,156,157,66,25.632,False,"[[433.08, 702.151], [408.48, 709.351]]",actual,4.3574,0.003001,0.038313,0.00052008,50.0
L0145,167,168,66,11.433,False,"[[453.48, 501.031], [448.56, 490.711]]",actual,1.9436,0.001339,0.017089,0.00023198,50.0
L0146,170,208,66,52.028,False,"[[759.84, 341.911], [763.2, 333.031], [761.52, 327.031], [766.2, 291.031]]",actual,8.8448,0.006091,0.077767,0.00105566,50.0
L0147,179,180,66,112.261,False,"[[194.28, 166.831], [198.72, 189.391], [186.6, 219.151], [185.833, 219.132], [185.013, 219.112], [184.145, 219.09], [183.236, 219.068], [182.291, 219.044], [181.317, 219.021], [180.318, 218.997], [179.302, 218.973], [178.274, 218.949], [177.24, 218.926], [176.206, 218.904], [175.178, 218.883], [174.162, 218.864], [173.163, 218.846], [172.189, 218.831], [171.244, 218.817], [170.335, 218.806], [169.467, 218.798], [168.647, 218.793], [167.88, 218.791], [161.76, 180.871]]",actual,19.0844,0.013144,0.167799,0.0022778,50.0
L0148,179,181,66,96.987,False,"[[192.12, 152.911], [224.28, 114.511], [228.24, 120.751], [228.12, 126.031], [222.84, 132.751], [223.08, 158.431]]",actual,16.4878,0.011355,0.144968,0.00196789,50.0
L0149,179,191,66,13.682,False,"[[207.6, 162.991], [194.4, 166.591]]",actual,2.3259,0.001602,0.020451,0.00027761,50.0
L0150,180,192,66,11.001,False,"[[160.92, 170.791], [171.6, 168.151]]",actual,1.8702,0.001288,0.016443,0.00022321,50.0
L0151,181,182,66,25.019,False,"[[227.4, 161.071], [231.96, 136.471]]",actual,4.2532,0.002929,0.037396,0.00050764,50.0
L0152,181,184,66,25.721,False,"[[226.8, 166.351], [225.898, 167.16], [224.993, 167.999], [224.085, 168.865], [223.174, 169.755], [222.261, 170.666], [221.345, 171.592], [220.427, 172.532], [219.508, 173.482], [218.587, 174.438], [217.665, 175.396], [216.742, 176.354], [215.819, 177.307], [214.895, 178.252], [213.971, 179.186], [213.047, 180.104], [212.124, 181.005], [211.201, 181.883], [210.279, 182.736], [209.359, 183.56], [208.44, 184.351]]",actual,4.3726,0.003011,0.038446,0.00052189,50.0
L0153,181,191,66,19.707,False,"[[226.8, 158.551], [207.6, 162.991]]",actual,3.3502,0.002307,0.029456,0.00039986,50.0
L0154,181,195,66,28.856,False,"[[222.84, 164.071], [198.72, 179.911]]",actual,4.9055,0.003378,0.043132,0.0005855,50.0
L0155,181,202,66,42.88,False,"[[251.88, 197.431], [251.157, 196.714], [250.361, 195.936], [249.5, 195.102], [248.582, 194.221], [247.616, 193.299], [246.61, 192.342], [245.571, 191.358], [244.507, 190.354], [243.428, 189.336], [242.34, 188.311], [241.252, 187.286], [240.173, 186.268], [239.109, 185.264], [238.07, 184.28], [237.064, 183.324], [236.098, 182.401], [235.18, 181.52], [234.319, 180.687], [233.523, 179.908], [232.8, 179.191], [228.24, 163.351]]",actual,7.2896,0.00502,0.064094,0.00087005,50.0
L0156,182,201,66,44.443,False,"[[231.0, 136.951], [231.108, 136.483], [231.216, 136.015], [231.324, 135.547], [231.432, 135.079], [231.54, 134.611], [231.648, 134.143], [231.756, 133.675], [231.864, 133.207], [231.972, 132.739], [232.08, 132.271], [232.188, 131.803], [232.296, 131.335], [232.404, 130.867], [232.512, 130.399], [232.62, 129.931], [232.728, 129.463], [232.836, 128.995], [232.944, 128.527], [233.052, 128.059], [233.16, 127.591], [233.16, 118.111], [233.874, 117.183], [234.611, 116.235], [235.368, 115.27], [236.144, 114.289], [236.934, 113.296], [237.738, 112.292], [238.552, 111.279], [239.375, 110.26], [240.203, 109.237], [241.035, 108.211], [241.868, 107.186], [242.699, 106.162], [243.526, 105.143], [244.346, 104.13], [245.158, 103.126], [245.959, 102.133], [246.746, 101.153], [247.516, 100.187], [248.269, 99.24], [249.0, 98.311]]",actual,7.5553,0.005203,0.06643,0.00090176,50.0
L0157,183,184,66,24.6,False,"[[208.44, 183.991], [208.441, 185.308], [208.443, 186.598], [208.447, 187.863], [208.452, 189.107], [208.459, 190.332], [208.466, 191.543], [208.474, 192.74], [208.482, 193.929], [208.491, 195.112], [208.5, 196.291], [208.509, 197.471], [208.518, 198.653], [208.526, 199.842], [208.534, 201.04], [208.541, 202.25], [208.548, 203.475], [208.553, 204.719], [208.557, 205.984], [208.559, 207.274], [208.56, 208.591]]",actual,4.182,0.00288,0.03677,0.00049914,50.0
L0158,185,186,66,14.768,False,"[[170.64, 92.671], [177.72, 105.631]]",actual,2.5106,0.001729,0.022074,0.00029965,50.0
L0159,185,187,66,61.338,False,"[[170.64, 92.071], [171.846, 92.125], [173.052, 92.179], [174.258, 92.234], [175.465, 92.288], [176.672, 92.343], [177.879, 92.398], [179.087, 92.454], [180.296, 92.511], [181.505, 92.568], [182.715, 92.626], [183.926, 92.685], [185.138, 92.745], [186.351, 92.806], [187.565, 92.868], [188.781, 92.932], [189.997, 92.997], [191.216, 93.063], [192.435, 93.131], [193.657, 93.2], [194.88, 93.271], [212.28, 100.471], [223.92, 114.511]]",actual,10.4275,0.007181,0.091683,0.00124456,50.0
L0160,185,204,66,22.35,False,"[[162.96, 69.991], [168.84, 77.071], [170.16, 90.151]]",actual,3.7995,0.002617,0.033407,0.00045349,50.0
L0161,187,190,66,29.9,False,"[[218.76, 120.991], [205.08, 116.551], [203.64, 114.511], [191.4, 118.951]]",actual,5.083,0.003501,0.044692,0.00060668,50.0
L0162,188,200,66,30.31,False,"[[172.68, 143.431], [184.08, 126.751], [192.84, 131.791]]",actual,5.1527,0.003549,0.045305,0.000615,50.0
L0163,193,194,66,11.721,False,"[[166.8, 213.271], [175.44, 205.351]]",actual,1.9926,0.001372,0.01752,0.00023782,50.0
L0164,195,196,66,18.874,False,"[[195.0, 182.071], [178.68, 191.551]]",actual,3.2086,0.00221,0.028211,0.00038296,50.0
L0165,196,197,66,13.956,False,"[[179.04, 191.311], [166.68, 197.791]]",actual,2.3725,0.001634,0.02086,0.00028317,50.0
L0166,196,199,66,10.97,False,"[[179.16, 191.671], [175.44, 181.351]]",actual,1.8649,0.001284,0.016397,0.00022258,50.0
L0167,197,198,66,17.069,False,"[[162.48, 199.351], [146.64, 205.711]]",actual,2.9017,0.001998,0.025513,0.00034633,50.0
L0168,208,209,66,12.06,False,"[[763.44, 306.871], [751.44, 308.071]]",actual,2.0502,0.001412,0.018026,0.0002447,50.0
L0169,208,210,66,53.095,False,"[[765.6, 298.591], [766.92, 298.831], [772.08, 295.231], [774.72, 285.631], [779.04, 283.471], [780.48, 268.951], [783.0, 260.311], [783.96, 255.271], [785.88, 254.911]]",actual,9.0262,0.006216,0.079362,0.00107731,50.0
L0170,212,213,33,18.675,False,"[[410.16, 588.271], [410.394, 588.235], [410.628, 588.199], [410.862, 588.163], [411.097, 588.127], [411.332, 588.091], [411.567, 588.055], [411.803, 588.019], [412.04, 587.983], [412.277, 587.947], [412.515, 587.911], [412.754, 587.875], [412.994, 587.839], [413.235, 587.803], [413.477, 587.767], [413.721, 587.731], [413.965, 587.695], [414.212, 587.659], [414.459, 587.623], [414.709, 587.587], [414.96, 587.551], [415.645, 587.573], [416.331, 587.601], [417.019, 587.634], [417.708, 587.672], [418.399, 587.714], [419.09, 587.76], [419.782, 587.807], [420.474, 587.856], [421.167, 587.906], [421.86, 587.956], [422.553, 588.005], [423.246, 588.052], [423.938, 588.097], [424.63, 588.138], [425.321, 588.176], [426.012, 588.208], [426.701, 588.234], [427.389, 588.254], [428.075, 588.267], [428.76, 588.271]]",actual,3.1748,0.01653,0.113696,0.00010372,20.0
142C,214,215,33,28.067,False,"[[312.84, 859.231], [313.255, 859.313], [313.671, 859.378], [314.089, 859.43], [314.508, 859.47], [314.929, 859.501], [315.35, 859.525], [315.772, 859.544], [316.194, 859.56], [316.617, 859.575], [317.04, 859.591], [317.463, 859.611], [317.886, 859.637], [318.308, 859.671], [318.73, 859.715], [319.151, 859.771], [319.572, 859.842], [319.991, 859.929], [320.409, 860.035], [320.825, 860.161], [321.24, 860.311], [322.229, 860.36], [323.217, 860.399], [324.202, 860.428], [325.187, 860.449], [326.169, 860.463], [327.151, 860.47], [328.131, 860.471], [329.11, 860.467], [330.088, 860.458], [331.065, 860.446], [332.041, 860.431], [333.016, 860.415], [333.991, 860.397], [334.965, 860.379], [335.938, 860.362], [336.911, 860.346], [337.884, 860.332], [338.856, 860.321], [339.828, 860.314], [340.8, 860.311]]",actual,4.7714,0.024843,0.170876,0.00015588,20.0
L0171,220,221,33,33.173,False,"[[611.04, 222.391], [613.56, 218.311], [633.72, 230.551], [636.265, 226.491]]",actual,5.6394,0.029362,0.201962,0.00018424,20.0
L0172,220,221,33,60.78,False,"[[636.265, 226.491], [638.76, 222.511], [618.48, 210.151], [621.0, 206.071], [607.56, 209.071], [611.04, 222.391]]",actual,10.3326,0.053798,0.370038,0.00033757,20.0
G0173,238,145,66,13.29,False,,provisional,2.2593,0.001556,0.019865,0.00026966,50.0
G0174,239,145,66,10.57,False,,provisional,1.7969,0.001238,0.015799,0.00021447,50.0
B0175,122,158,66,20.425,False,,bridge,3.4723,0.002391,0.03053,0.00041443,50.0
B0176,68,209,66,36.926,False,,provisional,6.2774,0.004323,0.055194,0.00074924,50.0
B0177,121,99,66,14.105,False,,bridge,2.3979,0.001651,0.021083,0.00028619,50.0
B0178,206,140,66,39.811,False,,provisional,6.7679,0.004661,0.059506,0.00080778,50.0
B0179,92,168,66,18.254,False,,bridge,3.1032,0.002137,0.027285,0.00037038,50.0
B0180,159,215,66,39.995,False,,provisional,6.7992,0.004683,0.059781,0.00081151,50.0
B0181,230,221,66,38.351,False,,provisional,6.5197,0.00449,0.057324,0.00077815,50.0
B0182,220,31,66,30.16,False,,provisional,5.1272,0.003531,0.045081,0.00061195,50.0
B0183,6,18,66,18.998,False,,bridge,3.2297,0.002224,0.028397,0.00038547,50.0
B0184,29,21,66,18.922,False,,bridge,3.2167,0.002215,0.028283,0.00038393,50.0
B0185,26,28,66,12.522,False,,bridge,2.1287,0.001466,0.018717,0.00025407,50.0
B0186,4,32,66,56.543,False,,provisional,9.6123,0.00662,0.084516,0.00114727,50.0
B0187,20,17,66,16.473,False,,bridge,2.8004,0.001929,0.024623,0.00033424,50.0
B0188,62,141,66,59.16,False,,provisional,10.0572,0.006926,0.088428,0.00120037,50.0
B0189,116,142,66,45.848,False,,provisional,7.7942,0.005368,0.06853,0.00093027,50.0
B0190,73,160,66,31.93,False,,provisional,5.4281,0.003738,0.047726,0.00064787,50.0
B0191,141,165,66,37.884,False,,provisional,6.4403,0.004435,0.056626,0.00076868,50.0
B0192,149,174,66,21.395,False,,bridge,3.6372,0.002505,0.03198,0.00043411,50.0
B0193,119,176,66,24.443,False,,provisional,4.1553,0.002862,0.036535,0.00049595,50.0
B0194,100,178,66,43.337,False,,provisional,7.3673,0.005074,0.064777,0.00087932,50.0
B0195,170,207,66,42.237,False,,provisional,7.1803,0.004945,0.063132,0.000857,50.0
B0196,175,222,66,48.941,False,,provisional,8.32,0.00573,0.073153,0.00099303,50.0
B0197,222,223,66,27.243,False,,provisional,4.6313,0.00319,0.040721,0.00055277,50.0
B0198,78,225,66,59.928,False,,provisional,10.1878,0.007016,0.089576,0.00121595,50.0
B0199,225,224,66,17.712,False,,bridge,3.011,0.002074,0.026474,0.00035938,50.0
B0200,214,227,66,38.411,False,,provisional,6.5299,0.004497,0.057414,0.00077937,50.0
B0201,87,231,66,39.258,False,,provisional,6.6739,0.004596,0.05868,0.00079655,50.0
B0202,231,232,66,12.282,False,,bridge,2.0879,0.001438,0.018358,0.0002492,50.0
B0203,160,233,66,53.737,False,,provisional,9.1353,0.006292,0.080322,0.00109034,50.0
I0204,223,163,66,67.131,False,,inset_provisional,11.4123,0.00786,0.100342,0.0013621,50.0
I0205,216,148,66,89.772,False,,inset_provisional,15.2612,0.01051,0.134184,0.0018215,50.0
I0206,66,89,66,145.172,False,,inset_provisional,24.6792,0.016997,0.216991,0.00294558,50.0
I0207,109,154,66,48.96,False,,inset_provisional,8.3232,0.005732,0.073181,0.00099341,50.0
I0208,128,198,66,96.825,False,,inset_provisional,16.4603,0.011336,0.144726,0.0019646,50.0
I0209,192,190,66,53.035,False,,inset_provisional,9.016,0.006209,0.079272,0.00107609,50.0
I0210,174,177,66,77.365,False,,inset_provisional,13.1521,0.009058,0.115639,0.00156976,50.0
I0211,166,93,66,73.229,False,,inset_provisional,12.4489,0.008574,0.109457,0.00148583,50.0
I0212,94,96,66,22.127,False,,inset_provisional,3.7616,0.002591,0.033074,0.00044896,50.0
I0213,152,104,66,125.995,False,,inset_provisional,21.4192,0.014751,0.188327,0.00255647,50.0
I0214,95,132,66,15.844,False,,inset_provisional,2.6935,0.001855,0.023682,0.00032148,50.0
I0215,199,200,66,38.02,False,,inset_provisional,6.4634,0.004451,0.056829,0.00077144,50.0
I0216,183,194,66,33.217,False,,inset_provisional,5.6469,0.003889,0.04965,0.00067398,50.0
I0217,167,213,66,90.675,False,,inset_provisional,15.4148,0.010616,0.135534,0.00183982,50.0
I0218,131,129,66,28.267,False,,inset_provisional,4.8054,0.003309,0.042251,0.00057354,50.0
I0219,129,130,66,13.87,False,,inset_provisional,2.3579,0.001624,0.020732,0.00028143,50.0
I0220,130,133,66,17.201,False,,inset_provisional,2.9242,0.002014,0.025711,0.00034901,50.0
I0221,138,136,66,80.525,False,,inset_provisional,13.6893,0.009428,0.120362,0.00163387,50.0
I0222,193,143,66,105.079,False,,inset_provisional,17.8634,0.012303,0.157064,0.00213208,50.0
I0223,103,146,66,74.844,False,,inset_provisional,12.7235,0.008763,0.111871,0.0015186,50.0
I0224,186,189,66,24.712,False,,inset_provisional,4.201,0.002893,0.036938,0.00050141,50.0
I0225,202,203,66,79.196,False,,inset_provisional,13.4633,0.009272,0.118376,0.00160691,50.0
I0226,233,205,66,129.974,False,,inset_provisional,22.0956,0.015217,0.194275,0.0026372,50.0
I0227,212,211,66,46.144,False,,inset_provisional,7.8445,0.005403,0.068972,0.00093627,50.0
I0228,227,218,66,143.599,False,,inset_provisional,24.4118,0.016813,0.21464,0.00291366,50.0
I0229,203,219,66,69.059,False,,inset_provisional,11.74,0.008085,0.103224,0.00140122,50.0
I0230,72,226,66,63.183,False,,inset_provisional,10.7411,0.007397,0.094441,0.001282,50.0
I0231,136,228,66,40.282,False,,inset_provisional,6.8479,0.004716,0.06021,0.00081733,50.0
I0232,218,234,66,67.024,False,,inset_provisional,11.3941,0.007847,0.100182,0.00135993,50.0
I0233,234,235,66,15.39,False,,inset_provisional,2.6163,0.001802,0.023004,0.00031227,50.0
I0234,135,236,66,29.4,False,,inset_provisional,4.998,0.003442,0.043945,0.00059653,50.0
I0235,235,237,66,21.277,False,,inset_provisional,3.6171,0.002491,0.031803,0.00043172,50.0
