bus_id,x,y,degree,symbol_type,ss_type,name,cross_prefecture,border_side,lat,lon,bus_type,load_mw,load_mvar,p_gen_mw,q_gen_mvar,v_pu
0,710.28,432.751,1,generator,発電所,植田,False,,37.37361387004208,139.88046859055322,PQ,0.0,0.0,5.0,2.4216,1.0
1,702.48,412.711,3,substation_or_sw,開閉所,植田,False,,37.389997256066934,139.89658858856484,PQ,0.0,0.0,0.0,0.0,1.0
2,386.64,512.791,1,substation_or_sw,開閉所,(360913),False,,37.1975270872419,140.50227382074047,PQ,0.0,0.0,0.0,0.0,1.0
3,383.01,487.231,4,substation_or_sw,開閉所,塙町,False,,37.22039384863737,140.5106137440774,PQ,0.0,0.0,0.0,0.0,1.0
4,216.86,402.991,0,substation_or_sw,開閉所,(361310),False,,37.24767059680355,140.8363046546212,PQ,0.0,0.0,0.0,0.0,1.0
5,199.735,435.893,5,substation_or_sw,開閉所,(361317),False,,37.21143728700275,140.86772701412892,PQ,0.0,0.0,0.0,0.0,1.0
6,232.74,364.711,4,substation_or_sw,開閉所,,False,,37.28856514898224,140.80756778274744,PQ,0.0,0.0,0.0,0.0,1.0
7,763.23,207.646,2,substation_or_sw,開閉所,,False,,37.601483920055784,139.7896796375587,PQ,0.0,0.0,0.0,0.0,1.0
8,425.633,450.409,4,substation_or_sw,変電所,(360915),False,,37.268259938242274,140.43007926165046,PQ,4.0,1.9373,0.0,0.0,1.0
9,368.76,530.191,1,junction,,(360908),False,,37.175613494345825,140.5359565465052,PQ,0.0,0.0,0.0,0.0,1.0
10,614.488,532.855,10,generator,発電所,北小名浜,False,,37.249748751450625,140.06056829915227,PQ,0.0,0.0,5.0,2.4216,1.0
11,590.22,476.731,4,substation_or_sw,開閉所,小名浜,False,,37.294876265633015,140.11040079135083,PQ,0.0,0.0,0.0,0.0,1.0
12,567.72,543.631,2,substation_or_sw,開閉所,白坂,False,,37.22504512388185,140.15046382727584,PQ,0.0,0.0,0.0,0.0,1.0
13,580.545,537.061,2,generator,発電所,白坂,False,,37.23521365092999,140.12599872932458,PQ,0.0,0.0,5.0,2.4216,1.0
14,576.408,576.079,5,generator,発電所,白河,False,,37.19728852787423,140.13198593513258,PQ,0.0,0.0,5.0,2.4216,1.0
15,725.76,119.271,1,generator,発電所,,False,,37.67277525633646,139.86671016441474,PQ,0.0,0.0,5.0,2.4216,1.0
16,731.858,159.213,3,substation_or_sw,開閉所,,False,,37.63717461445883,139.85285465399872,PQ,0.0,0.0,0.0,0.0,1.0
17,727.76,302.671,1,generator,発電所,,False,,37.501200546020875,139.8533756181348,PQ,0.0,0.0,5.0,2.4216,1.0
18,743.44,267.231,3,junction,,,False,,37.539366182036446,139.8248789661807,PQ,0.0,0.0,0.0,0.0,1.0
19,683.4,434.791,1,generator,発電所,泉町,False,,37.36331525333693,139.9323506121759,PQ,0.0,0.0,5.0,2.4216,1.0
20,684.4,422.071,1,generator,発電所,(361318),False,,37.37557022824844,139.9310731203506,PQ,0.0,0.0,5.0,2.4216,1.0
21,703.517,179.568,6,substation_or_sw,開閉所,,False,,37.60922397455642,139.9066169718523,PQ,0.0,0.0,0.0,0.0,1.0
22,735.8,205.551,3,substation_or_sw,開閉所,,False,,37.59489621803995,139.84283882149543,PQ,0.0,0.0,0.0,0.0,1.0
23,523.892,438.123,5,substation_or_sw,開閉所,,False,,37.31044012179295,140.2406754003057,PQ,0.0,0.0,0.0,0.0,1.0
24,471.06,463.651,2,substation_or_sw,開閉所,(360915),False,,37.26999429033097,140.34153757535628,PQ,0.0,0.0,0.0,0.0,1.0
25,597.81,871.651,2,substation_or_sw,開閉所,更科,False,,36.92644396594072,140.07533699962968,PQ,0.0,0.0,0.0,0.0,1.0
26,584.52,924.511,1,junction,,裏磐梯(配),False,,36.872667675357484,140.09831211003345,PQ,0.0,0.0,0.0,0.0,1.0
27,633.78,445.171,2,substation_or_sw,開閉所,(361314),False,,37.33809397025728,140.02778249681919,PQ,0.0,0.0,0.0,0.0,1.0
28,657.753,437.355,5,substation_or_sw,変電所,泉町,False,,37.35290918354383,139.98182090064728,PQ,4.0,1.9373,0.0,0.0,1.0
29,270.81,105.421,2,substation_or_sw,開閉所,,False,,37.543891570876355,140.74732202980368,PQ,0.0,0.0,0.0,0.0,1.0
30,175.38,140.971,2,substation_or_sw,開閉所,,False,,37.48075058063596,140.93005365468562,PQ,0.0,0.0,0.0,0.0,1.0
31,275.4,116.071,1,substation_or_sw,開閉所,,False,,37.53532355054046,140.73789501657276,PQ,0.0,0.0,0.0,0.0,1.0
32,242.88,95.031,3,substation_or_sw,開閉所,,False,,37.54493629662374,140.80187639754973,PQ,0.0,0.0,0.0,0.0,1.0
33,147.392,378.044,5,substation_or_sw,開閉所,,False,,37.24942853798301,140.9719470557776,PQ,0.0,0.0,0.0,0.0,1.0
34,342.552,690.127,3,substation_or_sw,変電所,(361107),False,,37.01727228648431,140.57838886685656,PQ,4.0,1.9373,0.0,0.0,1.0
35,393.022,706.299,6,substation_or_sw,変電所,須賀川,False,,37.017828382698525,140.47994252012765,PQ,4.0,1.9373,0.0,0.0,1.0
36,593.94,559.071,0,generator,発電所,白坂,False,,37.21872553030942,140.09895602586323,PQ,0.0,0.0,5.0,2.4216,1.0
37,408.72,300.591,3,substation_or_sw,開閉所,,False,,37.40365273982933,140.47052294517937,PQ,0.0,0.0,0.0,0.0,1.0
38,431.4,423.151,1,substation_or_sw,変電所,矢祭,False,,37.29565168499545,140.42033254249966,PQ,4.0,1.9373,0.0,0.0,1.0
39,323.292,353.539,4,generator,発電所,,False,,37.327295747782046,140.63301215989122,PQ,0.0,0.0,5.0,2.4216,1.0
40,300.68,406.871,3,substation_or_sw,開閉所,(361308),False,,37.27016898199048,140.67399214054834,PQ,0.0,0.0,0.0,0.0,1.0
41,319.886,403.677,3,substation_or_sw,変電所,(361308),False,,37.27915778299261,140.63701159962295,PQ,4.0,1.9373,0.0,0.0,1.0
42,615.04,165.951,1,substation_or_sw,開閉所,,False,,37.59441547743042,140.07843895489776,PQ,0.0,0.0,0.0,0.0,1.0
43,628.38,157.111,4,substation_or_sw,開閉所,,False,,37.606875975372766,140.05309498930143,PQ,0.0,0.0,0.0,0.0,1.0
44,156.72,520.711,0,substation_or_sw,1次変電所,湯本第一,False,,37.11838439829439,140.94654226568238,PQ,0.0,0.0,0.0,0.0,1.0
45,403.32,328.951,0,substation_or_sw,変電所,,False,,37.37534075834714,140.4795029859897,PQ,4.0,1.9373,0.0,0.0,1.0
46,459.76,85.671,3,substation_or_sw,開閉所,,False,,37.621364177780656,140.3829023188697,PQ,0.0,0.0,0.0,0.0,1.0
47,461.04,96.511,1,substation_or_sw,開閉所,,False,,37.611585454121645,140.37986721080327,PQ,0.0,0.0,0.0,0.0,1.0
48,402.676,506.126,1,substation_or_sw,変電所,(360913),False,,37.20878624426043,140.4716033852222,PQ,4.0,1.9373,0.0,0.0,1.0
49,138.6,105.991,1,substation_or_sw,変電所,,False,,37.502123322344495,141.0029936295741,PQ,4.0,1.9373,0.0,0.0,1.0
50,146.1,132.241,2,substation_or_sw,開閉所,,False,,37.479815662404064,140.9871333095212,PQ,0.0,0.0,0.0,0.0,1.0
51,445.52,426.171,6,substation_or_sw,開閉所,矢祭,False,,37.29721982015256,140.3928678461633,PQ,0.0,0.0,0.0,0.0,1.0
52,188.96,457.511,4,substation_or_sw,変電所,植田,False,,37.187779192848346,140.88745058225444,PQ,4.0,1.9373,0.0,0.0,1.0
53,166.62,463.411,2,substation_or_sw,開閉所,泉町,False,,37.17527224857766,140.9303527683982,PQ,0.0,0.0,0.0,0.0,1.0
54,250.32,367.231,2,substation_or_sw,開閉所,,False,,37.29168183489197,140.7734370745141,PQ,0.0,0.0,0.0,0.0,1.0
55,242.743,382.985,3,substation_or_sw,開閉所,(361310),False,,37.27452696258332,140.7872782225855,PQ,0.0,0.0,0.0,0.0,1.0
56,283.56,379.471,2,junction,,,False,,37.2905561607747,140.70851740011605,PQ,0.0,0.0,0.0,0.0,1.0
57,606.72,499.111,2,generator,発電所,北小名浜,False,,37.27900911702544,140.07733375822755,PQ,0.0,0.0,5.0,2.4216,1.0
58,168.48,353.071,1,substation_or_sw,開閉所,,False,,37.27945309073008,140.93245078181397,PQ,0.0,0.0,0.0,0.0,1.0
59,178.968,338.479,3,generator,発電所,,False,,37.29642480425762,140.912919630013,PQ,0.0,0.0,5.0,2.4216,1.0
60,521.88,492.511,2,substation_or_sw,開閉所,,False,,37.25874648911848,140.2417594019134,PQ,0.0,0.0,0.0,0.0,1.0
61,518.64,508.951,1,substation_or_sw,変電所,,False,,37.242300119824264,140.2471771574285,PQ,4.0,1.9373,0.0,0.0,1.0
62,237.6,341.671,1,junction,,,False,,37.31171364781236,140.79935753095603,PQ,0.0,0.0,0.0,0.0,1.0
63,136.2,547.111,1,junction,,好間,False,,37.087197147852635,140.98486634152405,PQ,0.0,0.0,0.0,0.0,1.0
64,325.92,745.591,1,substation_or_sw,開閉所,(360808),False,,36.96000875266103,140.60769317017412,PQ,0.0,0.0,0.0,0.0,1.0
65,247.2,707.131,2,substation_or_sw,変電所,(360803),False,,36.971568886789065,140.76192691286963,PQ,4.0,1.9373,0.0,0.0,1.0
66,279.6,705.871,1,junction,,(360803),False,,36.98285669649521,140.69932866318055,PQ,0.0,0.0,0.0,0.0,1.0
67,514.5,130.171,2,junction,,,False,,37.59665417432232,140.27473538138284,PQ,0.0,0.0,0.0,0.0,1.0
68,600.816,145.711,5,substation_or_sw,開閉所,,False,,37.60898315969764,140.10699362653165,PQ,0.0,0.0,0.0,0.0,1.0
69,727.32,235.111,1,generator,発電所,,False,,37.56449695246695,139.85771380296623,PQ,0.0,0.0,5.0,2.4216,1.0
70,525.648,84.727,1,substation_or_sw,開閉所,,False,,37.642799375255265,140.2555202234662,PQ,0.0,0.0,0.0,0.0,1.0
71,657.78,132.406,4,substation_or_sw,開閉所,,False,,37.63924120610112,139.99750904153814,PQ,0.0,0.0,0.0,0.0,1.0
72,425.16,286.861,2,substation_or_sw,開閉所,,False,,37.42167138490396,140.43943582228553,PQ,0.0,0.0,0.0,0.0,1.0
73,384.45,442.681,4,substation_or_sw,開閉所,矢祭,False,,37.262671964944104,140.5101282183962,PQ,0.0,0.0,0.0,0.0,1.0
74,497.7,457.171,0,substation_or_sw,開閉所,,False,,37.284386874623564,140.2903489029059,PQ,0.0,0.0,0.0,0.0,1.0
75,495.76,414.951,3,substation_or_sw,開閉所,,False,,37.32342316129734,140.2962802070015,PQ,0.0,0.0,0.0,0.0,1.0
76,522.0,462.535,3,substation_or_sw,変電所,,False,,37.28692906727564,140.24307456796322,PQ,4.0,1.9373,0.0,0.0,1.0
77,767.64,412.351,1,substation_or_sw,開閉所,,False,,37.41065707718475,139.77058433909156,PQ,0.0,0.0,0.0,0.0,1.0
78,316.32,694.927,3,substation_or_sw,1次変電所,小野新町,False,,37.0045843378895,140.62887516157284,PQ,0.0,0.0,0.0,0.0,1.0
79,266.04,717.151,1,substation_or_sw,開閉所,(360803),False,,36.96803661404261,140.72497217628532,PQ,0.0,0.0,0.0,0.0,1.0
80,543.99,754.741,2,substation_or_sw,開閉所,関森,False,,37.01942830265662,140.18546215055696,PQ,0.0,0.0,0.0,0.0,1.0
81,463.76,720.911,3,substation_or_sw,開閉所,笹川,False,,37.02617029168499,140.34237732805178,PQ,0.0,0.0,0.0,0.0,1.0
82,384.6,676.351,1,substation_or_sw,開閉所,須賀川,False,,37.04332063032403,140.49777691350246,PQ,0.0,0.0,0.0,0.0,1.0
83,543.66,604.891,2,substation_or_sw,1次変電所,白河,False,,37.16002298152176,140.19383510071842,PQ,0.0,0.0,0.0,0.0,1.0
84,542.88,442.231,1,substation_or_sw,変電所,,False,,37.312504918856426,140.20373957999558,PQ,4.0,1.9373,0.0,0.0,1.0
85,573.99,442.321,2,junction,,(361312),False,,37.322122863216016,140.14356657534788,PQ,0.0,0.0,0.0,0.0,1.0
86,583.56,388.651,2,substation_or_sw,開閉所,,False,,37.375499504421164,140.12782794781742,PQ,0.0,0.0,0.0,0.0,1.0
87,571.35,483.981,4,generator,発電所,小名浜,False,,37.28218398349007,140.14652213479337,PQ,0.0,0.0,5.0,2.4216,1.0
88,349.26,667.975,2,substation_or_sw,開閉所,(361107),False,,37.0401633677326,140.56655865154653,PQ,0.0,0.0,0.0,0.0,1.0
89,679.38,139.511,0,substation_or_sw,変電所,,False,,37.63930667006661,139.9553667830222,PQ,4.0,1.9373,0.0,0.0,1.0
90,113.52,330.331,2,substation_or_sw,開閉所,,False,,37.283663519092656,141.0399200385484,PQ,0.0,0.0,0.0,0.0,1.0
91,128.76,362.311,3,substation_or_sw,開閉所,,False,,37.258389747411854,141.00879439385577,PQ,0.0,0.0,0.0,0.0,1.0
92,411.42,727.771,2,substation_or_sw,開閉所,郡山,False,,37.00340571582816,140.44325152388325,PQ,0.0,0.0,0.0,0.0,1.0
93,645.6,491.641,2,generator,発電所,湯本第一,False,,37.29814859135959,140.0025233889308,PQ,0.0,0.0,5.0,2.4216,1.0
94,620.48,512.791,1,substation_or_sw,変電所,北小名浜,False,,37.27045605879451,140.05001509012797,PQ,4.0,1.9373,0.0,0.0,1.0
95,585.891,503.74,1,generator,発電所,北小名浜,False,,37.26816678768146,140.1173791961344,PQ,0.0,0.0,5.0,2.4216,1.0
96,418.32,484.831,1,substation_or_sw,開閉所,塙町,False,,37.233659588221464,140.44244624559366,PQ,0.0,0.0,0.0,0.0,1.0
97,400.95,423.241,2,substation_or_sw,開閉所,矢祭,False,,37.28607057235547,140.47921978185002,PQ,0.0,0.0,0.0,0.0,1.0
98,478.36,187.871,3,substation_or_sw,開閉所,,False,,37.53120714123594,140.34165375782598,PQ,0.0,0.0,0.0,0.0,1.0
99,516.0,168.991,2,junction,,,False,,37.560673000307546,140.26983055584446,PQ,0.0,0.0,0.0,0.0,1.0
100,514.032,288.847,5,substation_or_sw,開閉所,,False,,37.44752368520501,140.26745023867653,PQ,0.0,0.0,0.0,0.0,1.0
101,396.6,162.991,1,junction,,,True,N,37.52906860069103,140.50106606844432,PQ,0.0,0.0,0.0,0.0,1.0
102,184.68,388.171,2,substation_or_sw,開閉所,(361302),False,,37.25154928007486,140.8993074040833,PQ,0.0,0.0,0.0,0.0,1.0
103,184.34,370.691,2,substation_or_sw,開閉所,(361302),False,,37.267855614832634,140.90086723591995,PQ,0.0,0.0,0.0,0.0,1.0
104,165.6,431.791,2,substation_or_sw,開閉所,(361317),False,,37.20464287790325,140.93395761109295,PQ,0.0,0.0,0.0,0.0,1.0
105,152.16,418.351,2,substation_or_sw,開閉所,(361302),False,,37.21307039480256,140.96064499460883,PQ,0.0,0.0,0.0,0.0,1.0
106,761.28,242.311,2,junction,,,False,,37.56832800018104,139.79166175759732,PQ,0.0,0.0,0.0,0.0,1.0
107,361.08,576.551,1,substation_or_sw,変電所,石川,False,,37.12968982433172,140.54841713132913,PQ,4.0,1.9373,0.0,0.0,1.0
108,353.88,528.061,2,substation_or_sw,開閉所,(360913),False,,37.1729726924054,140.56484518382814,PQ,0.0,0.0,0.0,0.0,1.0
109,450.56,475.591,1,substation_or_sw,開閉所,(360915),False,,37.2523901026515,140.38056934286158,PQ,0.0,0.0,0.0,0.0,1.0
110,675.411,169.368,3,substation_or_sw,開閉所,,False,,37.610035414859766,139.96150192564832,PQ,0.0,0.0,0.0,0.0,1.0
111,585.87,167.731,2,substation_or_sw,開閉所,,False,,37.58364678574102,140.13476337596362,PQ,0.0,0.0,0.0,0.0,1.0
112,564.48,188.731,2,junction,,,False,,37.557258387301054,140.17504880548182,PQ,0.0,0.0,0.0,0.0,1.0
113,553.32,211.831,2,junction,,,False,,37.53208873732164,140.1954404881856,PQ,0.0,0.0,0.0,0.0,1.0
114,532.17,251.371,2,substation_or_sw,変電所,,False,,37.488367558289276,140.23430477772004,PQ,4.0,1.9373,0.0,0.0,1.0
115,179.4,152.911,1,generator,発電所,,False,,37.47079358070226,140.92166246600453,PQ,0.0,0.0,5.0,2.4216,1.0
116,211.2,125.311,2,junction,,,False,,37.506625494497264,140.86158422271905,PQ,0.0,0.0,0.0,0.0,1.0
117,248.88,418.291,2,substation_or_sw,開閉所,(361310),False,,37.24329133045317,140.77358657762915,PQ,0.0,0.0,0.0,0.0,1.0
118,229.8,389.611,0,substation_or_sw,変電所,(361310),False,,37.26426905454099,140.81196864816158,PQ,4.0,1.9373,0.0,0.0,1.0
119,304.92,391.561,2,substation_or_sw,変電所,(361308),False,,37.2858662439183,140.66658200648885,PQ,4.0,1.9373,0.0,0.0,1.0
120,181.56,416.895,1,substation_or_sw,変電所,(361302),False,,37.22360660683927,140.90385901786848,PQ,4.0,1.9373,0.0,0.0,1.0
121,115.851,306.305,1,substation_or_sw,開閉所,,False,,37.30694906272061,141.03665189812367,PQ,0.0,0.0,0.0,0.0,1.0
122,116.16,346.351,1,junction,,,False,,37.269445325476354,141.03398724690382,PQ,0.0,0.0,0.0,0.0,1.0
123,62.64,355.651,2,junction,,,False,,37.24402176461025,141.1370176802086,PQ,0.0,0.0,0.0,0.0,1.0
124,335.58,402.631,2,junction,,,False,,37.285034470762454,140.60671257752384,PQ,0.0,0.0,0.0,0.0,1.0
125,304.32,290.431,1,substation_or_sw,開閉所,,False,,37.380632392307895,140.67296240117554,PQ,0.0,0.0,0.0,0.0,1.0
126,340.32,436.351,1,substation_or_sw,変電所,(361306),False,,37.25485228026345,140.595804666839,PQ,4.0,1.9373,0.0,0.0,1.0
127,357.02,421.011,0,substation_or_sw,変電所,矢祭,False,,37.274463678855355,140.56429779276806,PQ,4.0,1.9373,0.0,0.0,1.0
128,323.16,658.351,0,generator,発電所,小野新町,False,,37.0410596107336,140.6175341659079,PQ,0.0,0.0,5.0,2.4216,1.0
129,325.38,642.631,0,substation_or_sw,変電所,(361112),False,,37.05651184250374,140.61405197969438,PQ,4.0,1.9373,0.0,0.0,1.0
130,325.5,621.331,2,generator,発電所,(361112),False,,37.07654832550976,140.61491932212144,PQ,0.0,0.0,5.0,2.4216,1.0
131,536.004,391.843,2,generator,発電所,,False,,37.3576709102782,140.21963896750097,PQ,0.0,0.0,5.0,2.4216,1.0
132,511.86,414.511,2,junction,,,False,,37.32885748324588,140.26516468025142,PQ,0.0,0.0,0.0,0.0,1.0
133,619.2,84.391,1,substation_or_sw,開閉所,,False,,37.67229143198176,140.07460312948865,PQ,0.0,0.0,0.0,0.0,1.0
134,706.44,135.751,1,substation_or_sw,開閉所,,False,,37.65127637176735,139.90322541218683,PQ,0.0,0.0,0.0,0.0,1.0
135,589.74,803.731,0,substation_or_sw,変電所,(360701),False,,36.987698774417574,140.09445058347086,PQ,4.0,1.9373,0.0,0.0,1.0
136,472.68,731.791,1,substation_or_sw,開閉所,笹川,False,,37.018736740081,140.3245639976934,PQ,0.0,0.0,0.0,0.0,1.0
137,446.4,724.711,1,junction,,諏訪,False,,37.01718822561009,140.37575632937887,PQ,0.0,0.0,0.0,0.0,1.0
138,444.6,712.351,1,junction,,森宿,False,,37.028231936819196,140.3798756013914,PQ,0.0,0.0,0.0,0.0,1.0
139,660.88,457.191,1,substation_or_sw,変電所,泉町,False,,37.33525994348816,139.9747492575895,PQ,4.0,1.9373,0.0,0.0,1.0
140,368.52,460.711,3,substation_or_sw,開閉所,塙町,False,,37.24077500787952,140.5400070243569,PQ,0.0,0.0,0.0,0.0,1.0
141,347.28,448.351,1,generator,発電所,(361306),False,,37.2457558589835,140.5817242681583,PQ,0.0,0.0,5.0,2.4216,1.0
142,356.52,467.431,2,substation_or_sw,変電所,(361306),False,,37.230722939699,140.56286878691415,PQ,4.0,1.9373,0.0,0.0,1.0
143,402.9,481.111,0,substation_or_sw,変電所,塙町,False,,37.23234326092431,140.47246134104952,PQ,4.0,1.9373,0.0,0.0,1.0
144,307.68,639.991,1,substation_or_sw,1次変電所,小野新町,False,,37.0534704022806,140.64842096813766,PQ,0.0,0.0,0.0,0.0,1.0
145,460.56,445.891,0,substation_or_sw,開閉所,(360915),False,,37.28339486822175,140.36276182857145,PQ,0.0,0.0,0.0,0.0,1.0
146,399.634,353.397,1,substation_or_sw,開閉所,,False,,37.35123827576842,140.48537008806255,PQ,0.0,0.0,0.0,0.0,1.0
147,358.48,546.551,1,junction,,(360908),False,,37.15704663522479,140.55499415773897,PQ,0.0,0.0,0.0,0.0,1.0
148,263.1,406.151,2,generator,発電所,(361310),False,,37.259124724449855,140.7467109802514,PQ,0.0,0.0,5.0,2.4216,1.0
149,270.12,389.851,2,substation_or_sw,開閉所,(361310),False,,37.27661853400181,140.73397528170784,PQ,0.0,0.0,0.0,0.0,1.0
150,262.56,375.031,0,substation_or_sw,変電所,,False,,37.288175592570866,140.74936166977892,PQ,4.0,1.9373,0.0,0.0,1.0
151,652.56,146.431,1,substation_or_sw,開閉所,,False,,37.62444482210086,140.0068808736384,PQ,0.0,0.0,0.0,0.0,1.0
152,518.52,106.591,0,junction,,,True,N,37.6200477160862,140.2681776061503,PQ,0.0,0.0,0.0,0.0,1.0
153,637.32,169.831,1,substation_or_sw,変電所,,False,,37.597721043128175,140.03514800378204,PQ,4.0,1.9373,0.0,0.0,1.0
154,511.92,299.551,1,substation_or_sw,開閉所,,False,,37.4368147732983,140.27098245497896,PQ,0.0,0.0,0.0,0.0,1.0
155,431.46,703.711,0,junction,,森宿,True,unknown,37.03224618641532,140.40573501071916,PQ,0.0,0.0,0.0,0.0,1.0
156,255.72,697.831,1,substation_or_sw,開閉所,(360803),False,,36.98295804926367,140.74592882166866,PQ,0.0,0.0,0.0,0.0,1.0
157,219.12,358.051,0,junction,,,True,unknown,37.29057063097071,140.8342533366458,PQ,0.0,0.0,0.0,0.0,1.0
158,169.32,326.271,1,substation_or_sw,開閉所,,False,,37.304878200105215,140.93220949680025,PQ,0.0,0.0,0.0,0.0,1.0
159,370.68,490.471,1,substation_or_sw,開閉所,(360913),False,,37.213506313255685,140.53429336877633,PQ,0.0,0.0,0.0,0.0,1.0
160,483.84,460.351,1,substation_or_sw,開閉所,,False,,37.27707850507106,140.3169907242185,PQ,0.0,0.0,0.0,0.0,1.0
161,575.4,415.447,1,substation_or_sw,変電所,(361312),False,,37.34779522193264,140.14222670027885,PQ,4.0,1.9373,0.0,0.0,1.0
162,732.96,226.111,0,substation_or_sw,変電所,,False,,37.57470623657206,139.84727029674903,PQ,4.0,1.9373,0.0,0.0,1.0
163,568.68,427.711,1,generator,発電所,(361312),False,,37.33418446789393,140.15459050687613,PQ,0.0,0.0,5.0,2.4216,1.0
164,660.12,419.671,1,substation_or_sw,変電所,(361318),False,,37.370251305607,139.9781557833328,PQ,4.0,1.9373,0.0,0.0,1.0
165,558.36,581.071,1,junction,,白河,True,unknown,37.186972695335186,140.16663403755527,PQ,0.0,0.0,0.0,0.0,1.0
166,533.64,421.231,1,substation_or_sw,変電所,,False,,37.32934057012458,140.2226941646694,PQ,4.0,1.9373,0.0,0.0,1.0
167,235.32,79.951,1,substation_or_sw,変電所,,False,,37.55673747514891,140.81727620587688,PQ,4.0,1.9373,0.0,0.0,1.0
168,332.16,362.551,1,junction,,,False,,37.32159988664346,140.6153958196177,PQ,0.0,0.0,0.0,0.0,1.0
169,342.96,357.151,1,generator,発電所,,False,,37.33003832596144,140.59478678590867,PQ,0.0,0.0,5.0,2.4216,1.0
170,339.3,383.971,0,generator,発電所,,False,,37.30371494916228,140.60048106536684,PQ,0.0,0.0,5.0,2.4216,1.0
171,340.08,629.791,1,junction,,(361112),False,,37.07315218278564,140.5862841687929,PQ,0.0,0.0,0.0,0.0,1.0
172,522.18,270.031,0,generator,発電所,,False,,37.467731620380235,140.25266279621016,PQ,0.0,0.0,5.0,2.4216,1.0
173,558.12,387.631,1,junction,,,False,,37.368523092563485,140.17708288058378,PQ,0.0,0.0,0.0,0.0,1.0
174,560.32,372.151,1,junction,,,True,unknown,37.383743745325276,140.1736269874825,PQ,0.0,0.0,0.0,0.0,1.0
175,264.24,426.271,1,junction,,(361307),False,,37.24058913363041,140.74346763956157,PQ,0.0,0.0,0.0,0.0,1.0
176,365.64,509.311,0,generator,発電所,(360913),False,,37.194245153046246,140.54306853868852,PQ,0.0,0.0,5.0,2.4216,1.0
177,548.04,473.071,1,substation_or_sw,変電所,,False,,37.285157814051225,140.19216802259558,PQ,4.0,1.9373,0.0,0.0,1.0
178,544.8,484.831,1,generator,発電所,,False,,37.27310560396716,140.19782734272047,PQ,0.0,0.0,5.0,2.4216,1.0
179,566.64,573.991,1,junction,,白河,True,unknown,37.19620259882894,140.15098553050498,PQ,0.0,0.0,0.0,0.0,1.0
180,556.2,96.991,1,junction,,,False,,37.64081284559094,140.19579804217693,PQ,0.0,0.0,0.0,0.0,1.0
181,556.92,107.551,1,generator,発電所,,False,,37.63112237005512,140.1938604558402,PQ,0.0,0.0,5.0,2.4216,1.0
182,565.56,457.051,0,junction,,小名浜,True,unknown,37.30566341814692,140.15911032497763,PQ,0.0,0.0,0.0,0.0,1.0
183,222.96,138.031,0,junction,,,False,,37.49835005121854,140.83818321042781,PQ,0.0,0.0,0.0,0.0,1.0
184,581.16,593.551,1,generator,発電所,白河,False,,37.18236569929313,140.12189347859658,PQ,0.0,0.0,5.0,2.4216,1.0
185,587.28,583.111,1,generator,発電所,白河,False,,37.19407673263549,140.11059595496917,PQ,0.0,0.0,5.0,2.4216,1.0
186,625.32,582.391,1,junction,,,True,unknown,37.206616501902964,140.03706177889686,PQ,0.0,0.0,0.0,0.0,1.0
187,170.34,482.191,0,junction,,泉町,False,,37.158799453296254,140.922188739363,PQ,0.0,0.0,0.0,0.0,1.0
188,415.08,280.831,1,generator,発電所,,False,,37.42418938480043,140.45924231362554,PQ,0.0,0.0,5.0,2.4216,1.0
189,407.16,530.071,1,substation_or_sw,変電所,(360908),False,,37.18770218505555,140.46169514187426,PQ,4.0,1.9373,0.0,0.0,1.0
190,67.68,370.591,1,junction,,,True,W,37.23156610898229,141.12649890933102,PQ,0.0,0.0,0.0,0.0,1.0
191,193.08,484.831,1,generator,発電所,植田,False,,37.16341274613923,140.8780721286041,PQ,0.0,0.0,5.0,2.4216,1.0
194,742.68,653.119,8,substation_or_sw,開閉所,田島,False,,37.17681007346017,139.80643070810027,PQ,0.0,0.0,0.0,0.0,1.0
195,738.48,610.831,1,substation_or_sw,変電所,田島,False,,37.21520536821692,139.8167364797347,PQ,4.0,1.9373,0.0,0.0,1.0
196,743.72,597.831,1,substation_or_sw,変電所,※C,False,,37.22904559374671,139.80727305981463,PQ,4.0,1.9373,0.0,0.0,1.0
197,703.371,678.408,7,substation_or_sw,開閉所,(361508),False,,37.14080613722764,139.88115103363498,PQ,0.0,0.0,0.0,0.0,1.0
198,757.8,724.911,1,substation_or_sw,開閉所,(361504),False,,37.114118477897605,139.77348219874636,PQ,0.0,0.0,0.0,0.0,1.0
199,719.52,671.911,1,substation_or_sw,変電所,田島,False,,37.15194279713133,139.85025337868535,PQ,4.0,1.9373,0.0,0.0,1.0
200,719.688,697.087,1,substation_or_sw,変電所,(361508),False,,37.128356869083014,139.8486289642202,PQ,4.0,1.9373,0.0,0.0,1.0
201,743.88,627.111,1,substation_or_sw,変電所,田島,False,,37.201603831079176,139.80545228418498,PQ,4.0,1.9373,0.0,0.0,1.0
202,652.44,619.711,1,junction,,,False,,37.180033963067984,139.98268396447511,PQ,0.0,0.0,0.0,0.0,1.0
203,675.0,618.031,2,substation_or_sw,変電所,,False,,37.188647265280615,139.93913846580134,PQ,4.0,1.9373,0.0,0.0,1.0
204,677.68,633.911,1,substation_or_sw,変電所,,False,,37.17457299589225,139.93313553836663,PQ,4.0,1.9373,0.0,0.0,1.0
205,730.08,656.311,1,substation_or_sw,変電所,田島,False,,37.169883399987725,139.83063500443757,PQ,4.0,1.9373,0.0,0.0,1.0
206,773.76,663.631,1,substation_or_sw,変電所,田島,False,,37.17663320700539,139.74577777920987,PQ,4.0,1.9373,0.0,0.0,1.0
207,741.0,687.511,1,junction,,(361504),False,,37.14399468592969,139.8079047253552,PQ,0.0,0.0,0.0,0.0,1.0
208,767.88,683.941,2,substation_or_sw,開閉所,(361504),False,,37.15572985468432,139.756101676778,PQ,0.0,0.0,0.0,0.0,1.0
209,661.26,667.681,2,substation_or_sw,変電所,,False,,37.13774457324863,139.96314958817257,PQ,4.0,1.9373,0.0,0.0,1.0
210,647.4,633.511,1,junction,,,False,,37.16550497431563,139.99171928089012,PQ,0.0,0.0,0.0,0.0,1.0
211,678.04,677.631,1,substation_or_sw,開閉所,,False,,37.133635561534945,139.93018261195044,PQ,0.0,0.0,0.0,0.0,1.0
212,714.84,621.991,1,substation_or_sw,開閉所,田島,False,,37.1973542512736,139.86188143143505,PQ,0.0,0.0,0.0,0.0,1.0
213,752.16,688.351,1,junction,,(361504),True,E,37.146686521487936,139.78627734676297,PQ,0.0,0.0,0.0,0.0,1.0
214,751.92,676.231,1,substation_or_sw,変電所,田島,False,,37.157991417009995,139.78736710965387,PQ,4.0,1.9373,0.0,0.0,1.0
215,663.48,628.831,1,junction,,,False,,37.17491409188435,139.96086128858812,PQ,0.0,0.0,0.0,0.0,1.0
216,781.44,687.151,1,substation_or_sw,変電所,(361504),False,,37.15694494419779,139.7297102424776,PQ,4.0,1.9373,0.0,0.0,1.0
217,767.4,647.431,1,substation_or_sw,変電所,田島,False,,37.189860229811465,139.7589145354149,PQ,4.0,1.9373,0.0,0.0,1.0
218,760.68,633.871,1,substation_or_sw,変電所,田島,False,,37.200496220952886,139.77261128314098,PQ,4.0,1.9373,0.0,0.0,1.0
219,750.24,615.991,1,generator,発電所,田島,False,,37.214028182123826,139.7937256871977,PQ,0.0,0.0,5.0,2.4216,1.0
220,705.36,711.631,1,junction,,(361508),False,,37.110232621858984,139.87558935346647,PQ,0.0,0.0,0.0,0.0,1.0
221,742.8,925.611,6,substation_or_sw,開閉所,喜多方,False,,36.9209985174342,139.79213357406695,PQ,0.0,0.0,0.0,0.0,1.0
222,711.81,826.471,4,substation_or_sw,開閉所,若松,False,,37.004418312189514,139.8571870938789,PQ,0.0,0.0,0.0,0.0,1.0
223,765.132,902.635,6,substation_or_sw,開閉所,坂下,False,,36.94953601428033,139.75012826146704,PQ,0.0,0.0,0.0,0.0,1.0
224,678.06,928.771,2,substation_or_sw,開閉所,岩月,False,,36.89784069989187,139.9171809958457,PQ,0.0,0.0,0.0,0.0,1.0
225,735.81,896.431,4,junction,,喜多方,False,,36.94621627801062,139.80715876353898,PQ,0.0,0.0,0.0,0.0,1.0
226,698.04,945.271,1,substation_or_sw,変電所,岩月,False,,36.88857974479318,139.87768696585306,PQ,4.0,1.9373,0.0,0.0,1.0
227,716.88,937.111,1,substation_or_sw,開閉所,岩月,False,,36.902117090516946,139.84167061486826,PQ,0.0,0.0,0.0,0.0,1.0
228,718.464,956.504,1,generator,発電所,岩月,False,,36.884402569382516,139.83760608017036,PQ,0.0,0.0,5.0,2.4216,1.0
229,736.08,882.151,1,generator,発電所,河東,False,,36.95970830352938,139.80737365124438,PQ,0.0,0.0,5.0,2.4216,1.0
230,699.81,916.351,4,junction,,岩月,False,,36.91628541496702,139.87575643913942,PQ,0.0,0.0,0.0,0.0,1.0
231,699.24,899.911,1,substation_or_sw,変電所,会津,False,,36.931543538530754,139.87770742192245,PQ,4.0,1.9373,0.0,0.0,1.0
232,701.88,931.711,1,substation_or_sw,変電所,岩月,False,,36.9025091414238,139.87096012396543,PQ,4.0,1.9373,0.0,0.0,1.0
233,738.36,859.711,2,junction,,坂下,False,,36.9814888097735,139.80412228391182,PQ,0.0,0.0,0.0,0.0,1.0
234,763.92,945.271,1,substation_or_sw,変電所,喜多方,False,,36.90912610403833,139.75027161701303,PQ,4.0,1.9373,0.0,0.0,1.0
235,775.14,953.672,2,substation_or_sw,開閉所,福島,False,,36.90473745601921,139.7281379239274,PQ,0.0,0.0,0.0,0.0,1.0
236,667.92,1002.752,1,junction,,(360203),False,,36.82521582645295,139.93297365295967,PQ,0.0,0.0,0.0,0.0,1.0
237,681.96,846.751,1,junction,,神指,False,,36.97606747134582,139.9138717674988,PQ,0.0,0.0,0.0,0.0,1.0
238,681.12,859.831,1,substation_or_sw,変電所,会津,False,,36.96352438427054,139.91482122910355,PQ,4.0,1.9373,0.0,0.0,1.0
239,691.824,839.095,5,substation_or_sw,開閉所,神指,False,,36.98633220525805,139.89518945303536,PQ,0.0,0.0,0.0,0.0,1.0
240,669.84,844.471,1,generator,発電所,滝沢,False,,36.9744282842763,139.93743016362814,PQ,0.0,0.0,5.0,2.4216,1.0
241,667.68,828.871,1,junction,,神指,False,,36.98840183052069,139.94241293141502,PQ,0.0,0.0,0.0,0.0,1.0
242,792.36,873.031,1,junction,,野沢,True,E,36.985823634706705,139.69899594334402,PQ,0.0,0.0,0.0,0.0,1.0
243,767.16,883.591,1,substation_or_sw,変電所,坂下,False,,36.968049345697374,139.7471889860591,PQ,4.0,1.9373,0.0,0.0,1.0
244,714.32,868.111,1,substation_or_sw,変電所,河東,False,,36.966104369848765,139.85018331761103,PQ,4.0,1.9373,0.0,0.0,1.0
245,702.0,872.671,1,substation_or_sw,変電所,河東,False,,36.957980574983516,139.87377546818158,PQ,4.0,1.9373,0.0,0.0,1.0
246,703.44,856.411,0,substation_or_sw,変電所,河東,False,,36.973696562218606,139.87182971540412,PQ,4.0,1.9373,0.0,0.0,1.0
247,758.4,931.831,1,substation_or_sw,変電所,喜多方,False,,36.920023675054544,139.76164130831864,PQ,4.0,1.9373,0.0,0.0,1.0
248,691.44,827.191,1,substation_or_sw,変電所,神指,False,,36.997389383357095,139.89654657028515,PQ,4.0,1.9373,0.0,0.0,1.0
249,751.44,806.791,1,junction,,(361506),False,,37.035255941872066,139.78155642142005,PQ,0.0,0.0,0.0,0.0,1.0
250,719.4,890.911,0,substation_or_sw,変電所,河東,False,,36.94628125518352,139.83918147998642,PQ,4.0,1.9373,0.0,0.0,1.0
251,684.12,906.391,1,generator,発電所,会津,False,,36.92074376022639,139.90661581479426,PQ,0.0,0.0,5.0,2.4216,1.0
252,726.24,919.831,1,substation_or_sw,開閉所,喜多方,False,,36.92126083323525,139.8244598185775,PQ,0.0,0.0,0.0,0.0,1.0
253,734.4,913.831,1,substation_or_sw,開閉所,喜多方,False,,36.92943927492583,139.8089876520937,PQ,0.0,0.0,0.0,0.0,1.0
254,663.72,986.792,1,junction,,金谷川,False,,36.838891158883854,139.94192046881503,PQ,0.0,0.0,0.0,0.0,1.0
255,681.84,991.832,1,junction,,金谷川,False,,36.83981017184574,139.90661529922505,PQ,0.0,0.0,0.0,0.0,1.0
256,747.36,906.991,1,generator,発電所,喜多方,False,,36.93990341435434,139.7842753935359,PQ,0.0,0.0,5.0,2.4216,1.0
257,676.44,975.872,1,junction,,金谷川,True,E/S,36.85311125365288,139.91788297753646,PQ,0.0,0.0,0.0,0.0,1.0
258,693.81,975.902,4,generator,発電所,金谷川,False,,36.85850036374475,139.8842869449933,PQ,0.0,0.0,5.0,2.4216,1.0
259,698.88,1006.232,1,generator,発電所,大森,False,,36.83160404082592,139.872915776626,PQ,0.0,0.0,5.0,2.4216,1.0
260,708.24,989.912,1,generator,発電所,金谷川,False,,36.849846417552406,139.85565542862042,PQ,0.0,0.0,5.0,2.4216,1.0
261,768.6,980.072,1,junction,,福島,True,E/S,36.87791022534442,139.73942395215545,PQ,0.0,0.0,0.0,0.0,1.0
262,691.68,878.671,1,generator,発電所,会津,False,,36.949128482170146,139.89342518708642,PQ,0.0,0.0,5.0,2.4216,1.0
263,754.68,884.911,1,substation_or_sw,変電所,坂下,False,,36.962917760971365,139.77125782199465,PQ,4.0,1.9373,0.0,0.0,1.0
264,756.84,874.471,1,junction,,坂下,True,E,36.973393767255274,139.7676191444724,PQ,0.0,0.0,0.0,0.0,1.0
265,482.04,1102.472,1,substation_or_sw,開閉所,,False,,36.67361501242949,140.28732806303248,PQ,0.0,0.0,0.0,0.0,1.0
266,477.3,1069.052,4,substation_or_sw,開閉所,板谷,False,,36.703515526056044,140.29822048880644,PQ,0.0,0.0,0.0,0.0,1.0
267,511.176,1030.64,4,substation_or_sw,開閉所,(360101),False,,36.750146527913124,140.2346852296601,PQ,0.0,0.0,0.0,0.0,1.0
268,445.08,1105.352,1,junction,,(360107),False,,36.6593839952418,140.35866197153595,PQ,0.0,0.0,0.0,0.0,1.0
269,498.216,1083.824,1,substation_or_sw,開閉所,板谷,False,,36.69616894522918,140.2570053791847,PQ,0.0,0.0,0.0,0.0,1.0
270,591.84,1038.872,1,substation_or_sw,開閉所,大沢(開),False,,36.767574441463246,140.07825194940628,PQ,0.0,0.0,0.0,0.0,1.0
271,555.74,989.812,6,substation_or_sw,開閉所,(360101),False,,36.80237929307204,140.1506035273871,PQ,0.0,0.0,0.0,0.0,1.0
272,479.1,1010.612,4,substation_or_sw,開閉所,(360102),False,,36.75894755674415,140.29775565576227,PQ,0.0,0.0,0.0,0.0,1.0
273,552.497,1013.809,3,substation_or_sw,開閉所,大沢(開),False,,36.77883654773436,140.15563702015316,PQ,0.0,0.0,0.0,0.0,1.0
274,528.12,1033.232,2,substation_or_sw,開閉所,(360101),False,,36.75299725854287,140.20178086214992,PQ,0.0,0.0,0.0,0.0,1.0
275,521.64,1065.992,1,substation_or_sw,開閉所,大沢(開),False,,36.720217190703416,140.21262256714445,PQ,0.0,0.0,0.0,0.0,1.0
276,501.84,977.432,2,junction,,(360102),False,,36.797193068157156,140.2554879433628,PQ,0.0,0.0,0.0,0.0,1.0
277,517.36,1003.992,3,substation_or_sw,変電所,(360101),False,,36.77709558378409,140.22410052482036,PQ,4.0,1.9373,0.0,0.0,1.0
278,573.72,978.752,1,junction,,裏磐梯(配),False,,36.818371302282415,140.11640014863437,PQ,0.0,0.0,0.0,0.0,1.0
279,531.72,984.272,1,junction,,(360101),True,S,36.80008967599735,140.1973454122377,PQ,0.0,0.0,0.0,0.0,1.0
280,533.34,950.192,2,junction,,(360204),False,,36.83259340704929,140.19597133379827,PQ,0.0,0.0,0.0,0.0,1.0
281,521.64,1013.072,1,substation_or_sw,変電所,(360101),False,,36.76990499100285,140.2153541054242,PQ,4.0,1.9373,0.0,0.0,1.0
282,537.48,1043.672,1,substation_or_sw,変電所,大沢(開),False,,36.74611405824719,140.18313926009358,PQ,4.0,1.9373,0.0,0.0,1.0
283,538.23,1020.167,2,substation_or_sw,変電所,(360101),False,,36.768417347843176,140.1829019638262,PQ,4.0,1.9373,0.0,0.0,1.0
284,445.88,980.112,3,junction,,西福島,False,,36.77722420067469,140.36357916402847,PQ,0.0,0.0,0.0,0.0,1.0
285,567.96,1049.912,1,substation_or_sw,開閉所,大沢(開),False,,36.749761145144156,140.12386726756222,PQ,0.0,0.0,0.0,0.0,1.0
286,558.96,1055.732,2,substation_or_sw,開閉所,大沢(開),False,,36.74148973414041,140.14097332871188,PQ,0.0,0.0,0.0,0.0,1.0
287,443.76,994.772,2,substation_or_sw,変電所,西福島,False,,36.762798414739166,140.36692265838911,PQ,4.0,1.9373,0.0,0.0,1.0
288,459.12,1034.232,3,substation_or_sw,開閉所,(360106),False,,36.73053892476776,140.3351788370062,PQ,0.0,0.0,0.0,0.0,1.0
289,432.48,1017.992,1,generator,発電所,笹木野,False,,36.73747866894839,140.38754023337412,PQ,0.0,0.0,5.0,2.4216,1.0
290,449.52,1043.912,1,substation_or_sw,開閉所,(360106),False,,36.718456146026654,140.3532460901972,PQ,0.0,0.0,0.0,0.0,1.0
291,500.84,1099.952,1,substation_or_sw,変電所,,False,,36.68184435793048,140.25109795780494,PQ,4.0,1.9373,0.0,0.0,1.0
292,514.08,1091.432,1,substation_or_sw,変電所,,False,,36.69397321299024,140.22593088017504,PQ,4.0,1.9373,0.0,0.0,1.0
293,502.08,1066.232,1,substation_or_sw,変電所,板谷,False,,36.71389156403795,140.25044023725022,PQ,4.0,1.9373,0.0,0.0,1.0
294,502.32,1055.792,1,substation_or_sw,変電所,板谷,False,,36.723768769323826,140.25051493965773,PQ,4.0,1.9373,0.0,0.0,1.0
295,506.22,1111.532,2,substation_or_sw,変電所,,False,,36.67264952095066,140.24009504023334,PQ,4.0,1.9373,0.0,0.0,1.0
296,530.88,1006.952,1,substation_or_sw,変電所,(360101),False,,36.7785329290038,140.19779935669422,PQ,4.0,1.9373,0.0,0.0,1.0
297,561.6,1006.952,1,substation_or_sw,変電所,大沢(開),False,,36.7881137449724,140.138385277818,PQ,4.0,1.9373,0.0,0.0,1.0
298,573.72,1014.812,0,substation_or_sw,開閉所,大沢(開),False,,36.78451374221443,140.11453886234625,PQ,0.0,0.0,0.0,0.0,1.0
299,499.08,999.032,1,substation_or_sw,変電所,(360102),False,,36.77605155690638,140.25971101342824,PQ,4.0,1.9373,0.0,0.0,1.0
300,496.32,986.552,1,substation_or_sw,変電所,(360102),False,,36.78690853836545,140.26569316937002,PQ,4.0,1.9373,0.0,0.0,1.0
301,461.88,1073.192,1,substation_or_sw,開閉所,(360107),False,,36.69481926470081,140.32782987959718,PQ,0.0,0.0,0.0,0.0,1.0
302,460.68,1101.032,1,generator,発電所,(360107),False,,36.66830540031407,140.32871374232334,PQ,0.0,0.0,5.0,2.4216,1.0
303,450.36,1095.032,1,junction,,(360107),False,,36.670720382398535,140.3489828576635,PQ,0.0,0.0,0.0,0.0,1.0
304,438.72,1042.232,1,substation_or_sw,変電所,笹木野,False,,36.7166652808984,140.37422056780306,PQ,4.0,1.9373,0.0,0.0,1.0
305,507.6,1125.272,1,junction,,,True,S,36.66017910840998,140.23671683949038,PQ,0.0,0.0,0.0,0.0,1.0
306,174.48,693.931,2,substation_or_sw,変電所,上川内,False,,36.961283081376024,140.9032525137883,PQ,4.0,1.9373,0.0,0.0,1.0
307,174.48,709.631,3,substation_or_sw,開閉所,上川内,False,,36.94654199171802,140.9024421367854,PQ,0.0,0.0,0.0,0.0,1.0
308,166.56,680.311,1,substation_or_sw,変電所,(361211),False,,36.97160115726816,140.91927322095265,PQ,4.0,1.9373,0.0,0.0,1.0
309,148.636,745.689,5,substation_or_sw,開閉所,(360515),False,,36.90462619856186,140.95056459482626,PQ,0.0,0.0,0.0,0.0,1.0
310,195.69,644.611,4,substation_or_sw,開閉所,(360805),False,,37.0142056389813,140.86477698922582,PQ,0.0,0.0,0.0,0.0,1.0
311,68.04,686.031,3,substation_or_sw,開閉所,木戸,False,,36.93550454202175,141.10952078296447,PQ,0.0,0.0,0.0,0.0,1.0
312,123.12,768.391,1,junction,,(360515),False,,36.875352954937476,140.9987420720283,PQ,0.0,0.0,0.0,0.0,1.0
313,115.56,781.471,1,junction,,大熊,True,W,36.86071406436907,141.01268836338727,PQ,0.0,0.0,0.0,0.0,1.0
314,136.16,779.111,2,substation_or_sw,変電所,(360810),False,,36.869354558140415,140.97296870585646,PQ,4.0,1.9373,0.0,0.0,1.0
315,104.64,627.631,1,substation_or_sw,開閉所,(361207),False,,37.001752283882944,141.04174887403857,PQ,0.0,0.0,0.0,0.0,1.0
316,123.68,603.991,3,substation_or_sw,開閉所,北平,False,,37.02988653132888,141.006144734046,PQ,0.0,0.0,0.0,0.0,1.0
317,204.06,608.971,2,substation_or_sw,変電所,(361205),False,,37.050279249528685,140.8504285810074,PQ,4.0,1.9373,0.0,0.0,1.0
318,127.56,677.551,2,substation_or_sw,開閉所,(361210),False,,36.96202943922203,140.9948437119561,PQ,0.0,0.0,0.0,0.0,1.0
319,125.088,652.063,3,substation_or_sw,開閉所,(361207),False,,36.985189750020055,141.00094028664427,PQ,0.0,0.0,0.0,0.0,1.0
320,205.704,667.423,3,substation_or_sw,開閉所,(360804),False,,36.995910051055915,140.8442319194061,PQ,0.0,0.0,0.0,0.0,1.0
321,100.5,739.471,2,junction,,(360515),False,,36.89545198118313,141.04398307473497,PQ,0.0,0.0,0.0,0.0,1.0
322,81.667,675.111,3,substation_or_sw,開閉所,木戸,False,,36.950007507887236,141.08372910647952,PQ,0.0,0.0,0.0,0.0,1.0
323,81.36,720.331,2,junction,,富岡,False,,36.90745366819599,141.08198876822414,PQ,0.0,0.0,0.0,0.0,1.0
324,59.04,648.391,1,junction,,木戸,False,,36.96803872060631,141.12887009153735,PQ,0.0,0.0,0.0,0.0,1.0
325,197.64,620.251,2,substation_or_sw,変電所,(360805),False,,37.03768595828753,140.86226296249833,PQ,4.0,1.9373,0.0,0.0,1.0
326,220.56,648.871,1,junction,,(360804),False,,37.017962171570275,140.81645722908857,PQ,0.0,0.0,0.0,0.0,1.0
327,215.28,721.831,1,substation_or_sw,開閉所,上川内,False,,36.94781165344685,140.82290309356867,PQ,0.0,0.0,0.0,0.0,1.0
328,217.08,679.051,2,substation_or_sw,開閉所,(360804),False,,36.98854015139328,140.82162994817642,PQ,0.0,0.0,0.0,0.0,1.0
329,191.76,679.591,0,substation_or_sw,変電所,(361211),False,,36.980136444861266,140.8705722731606,PQ,4.0,1.9373,0.0,0.0,1.0
330,120.456,702.319,3,substation_or_sw,開閉所,(360515),False,,36.93655863294017,141.00730478345372,PQ,0.0,0.0,0.0,0.0,1.0
331,122.28,717.751,1,substation_or_sw,開閉所,(360515),False,,36.92263803556969,141.00298052870463,PQ,0.0,0.0,0.0,0.0,1.0
332,176.52,634.711,0,junction,,(361201),True,W,37.01752232205724,140.90236376902118,PQ,0.0,0.0,0.0,0.0,1.0
333,133.6,725.351,1,substation_or_sw,変電所,(360515),False,,36.91903265235199,140.98069477512635,PQ,4.0,1.9373,0.0,0.0,1.0
334,119.04,738.901,0,substation_or_sw,変電所,(360515),False,,36.90176933937807,141.00815517111886,PQ,4.0,1.9373,0.0,0.0,1.0
335,103.92,704.071,1,substation_or_sw,変電所,(360515),False,,36.929756466409486,141.03919583621925,PQ,4.0,1.9373,0.0,0.0,1.0
336,137.52,655.591,1,substation_or_sw,変電所,(361210),False,,36.98575446646238,140.97671404904708,PQ,4.0,1.9373,0.0,0.0,1.0
337,97.2,590.671,1,substation_or_sw,変電所,四倉,False,,37.034134520700874,141.05804596228717,PQ,4.0,1.9373,0.0,0.0,1.0
338,109.98,590.551,2,substation_or_sw,開閉所,北平,False,,37.038232960593035,141.03333497109404,PQ,0.0,0.0,0.0,0.0,1.0
339,69.72,659.791,1,junction,,木戸,False,,36.960665830004956,141.1076259890645,PQ,0.0,0.0,0.0,0.0,1.0
340,72.84,635.431,1,substation_or_sw,開閉所,木戸,False,,36.984511043669364,141.10284912144232,PQ,0.0,0.0,0.0,0.0,1.0
341,75.54,649.351,0,substation_or_sw,変電所,木戸,False,,36.972283300691366,141.09690868105113,PQ,4.0,1.9373,0.0,0.0,1.0
342,139.92,712.471,1,substation_or_sw,変電所,(360515),False,,36.9330970326942,140.96913638503145,PQ,4.0,1.9373,0.0,0.0,1.0
343,112.44,610.771,0,generator,発電所,(361207),False,,37.02001515316893,141.02753352006553,PQ,0.0,0.0,5.0,2.4216,1.0
344,149.44,533.971,0,substation_or_sw,開閉所,平大町,False,,37.10366382674806,140.95993773152173,PQ,0.0,0.0,0.0,0.0,1.0
345,339.92,107.631,3,substation_or_sw,開閉所,,False,,37.563370268423476,140.6135456206758,PQ,0.0,0.0,0.0,0.0,1.0
346,331.08,117.391,1,substation_or_sw,開閉所,,False,,37.551449401244774,140.63013886500173,PQ,0.0,0.0,0.0,0.0,1.0
347,294.6,77.711,1,substation_or_sw,開閉所,,False,,37.57732864327757,140.70274122121336,PQ,0.0,0.0,0.0,0.0,1.0
348,370.74,81.091,2,substation_or_sw,開閉所,,False,,37.597901285926426,140.55530803504436,PQ,0.0,0.0,0.0,0.0,1.0
349,258.36,303.931,0,substation_or_sw,変電所,,False,,37.35362313415732,140.76115461225453,PQ,4.0,1.9373,0.0,0.0,1.0
350,264.06,236.671,0,substation_or_sw,開閉所,,False,,37.41855277942259,140.753602232608,PQ,0.0,0.0,0.0,0.0,1.0
351,275.64,142.951,1,junction,,,False,,37.51016015289407,140.73604339606644,PQ,0.0,0.0,0.0,0.0,1.0
352,265.68,144.751,1,junction,,,False,,37.50536381148208,140.75521364498678,PQ,0.0,0.0,0.0,0.0,1.0
353,269.76,315.871,1,substation_or_sw,開閉所,,False,,37.34596777555982,140.7384901194684,PQ,0.0,0.0,0.0,0.0,1.0
354,288.12,111.871,1,junction,,,True,N,37.5432340833667,140.71351066329044,PQ,0.0,0.0,0.0,0.0,1.0
355,285.88,92.551,1,substation_or_sw,開閉所,,False,,37.56067547278783,140.718840168136,PQ,0.0,0.0,0.0,0.0,1.0
356,312.92,92.791,1,generator,発電所,,False,,37.56888324534556,140.66653101286315,PQ,0.0,0.0,5.0,2.4216,1.0
357,417.0,97.111,1,junction,,,False,,37.59728710248427,140.46501189312048,PQ,0.0,0.0,0.0,0.0,1.0
358,417.12,78.811,2,substation_or_sw,開閉所,,False,,37.61450681676585,140.46572438643872,PQ,0.0,0.0,0.0,0.0,1.0
359,259.92,264.631,0,junction,,,False,,37.39100933025862,140.76016601438724,PQ,0.0,0.0,0.0,0.0,1.0
360,261.0,247.891,0,junction,,,False,,37.40706372530249,140.75894129620403,PQ,0.0,0.0,0.0,0.0,1.0
361,351.48,92.911,1,junction,,,False,,37.580796494640495,140.591947771976,PQ,0.0,0.0,0.0,0.0,1.0
362,355.08,82.231,1,generator,発電所,,False,,37.59194694317089,140.58553644743515,PQ,0.0,0.0,5.0,2.4216,1.0
363,381.0,88.951,1,junction,,,False,,37.5937211947016,140.53505895637954,PQ,0.0,0.0,0.0,0.0,1.0
364,383.04,67.591,1,substation_or_sw,開閉所,,False,,37.61441281408016,140.53221601585903,PQ,0.0,0.0,0.0,0.0,1.0
365,267.54,200.911,0,junction,,,False,,37.45321398942707,140.74871753286254,PQ,0.0,0.0,0.0,0.0,1.0
366,404.68,66.151,1,substation_or_sw,変電所,,False,,37.62251384931661,140.49043745713956,PQ,4.0,1.9373,0.0,0.0,1.0
367,49.08,119.911,1,junction,,,True,W/N,37.461134418929525,141.17541146893439,PQ,0.0,0.0,0.0,0.0,1.0
368,82.2,117.871,1,junction,,,False,,37.4733791388783,141.11146096253995,PQ,0.0,0.0,0.0,0.0,1.0
369,128.73,391.321,2,generator,発電所,※C,False,,37.231142237580755,141.0073550245348,PQ,0.0,0.0,5.0,2.4216,1.0
370,233.76,470.971,2,junction,,(361303),False,,37.18911331379214,140.800110294225,PQ,0.0,0.0,0.0,0.0,1.0
371,431.64,623.431,1,substation_or_sw,開閉所,(361101),False,,37.10767905507539,140.40953064350302,PQ,0.0,0.0,0.0,0.0,1.0
372,423.96,752.671,1,junction,,郡山,False,,36.98393745443358,140.4177132636137,PQ,0.0,0.0,0.0,0.0,1.0
373,329.28,321.151,1,junction,,,False,,37.35957309354392,140.6231028072142,PQ,0.0,0.0,0.0,0.0,1.0
374,678.42,231.031,2,substation_or_sw,開閉所,,False,,37.55307704501346,139.9524995428404,PQ,0.0,0.0,0.0,0.0,1.0
375,630.48,199.831,1,junction,,,False,,37.567420127328084,140.04682842869352,PQ,0.0,0.0,0.0,0.0,1.0
376,55.56,491.131,0,junction,,,True,W,37.11460841033346,141.1437177829449,PQ,0.0,0.0,0.0,0.0,1.0
377,294.36,831.231,3,junction,,(360806),False,,36.8697566034016,140.66431142687622,PQ,0.0,0.0,0.0,0.0,1.0
378,314.58,841.771,2,substation_or_sw,開閉所,(360303),False,,36.86616647896025,140.6246608579552,PQ,0.0,0.0,0.0,0.0,1.0
379,104.04,402.751,1,junction,,※C,False,,37.21271014215643,141.05451679446446,PQ,0.0,0.0,0.0,0.0,1.0
380,662.76,1077.632,1,junction,,栄町,True,E/S,36.75330000140825,139.93908832776455,PQ,0.0,0.0,0.0,0.0,1.0
381,675.0,1077.632,1,junction,,栄町,False,,36.75711735777073,139.9154155307123,PQ,0.0,0.0,0.0,0.0,1.0
382,365.16,338.191,1,junction,,,False,,37.354763940839824,140.55282947683858,PQ,0.0,0.0,0.0,0.0,1.0
383,270.0,871.111,1,junction,,東福島,True,unknown,36.82471507016188,140.70936647391505,PQ,0.0,0.0,0.0,0.0,1.0
384,277.8,800.191,1,substation_or_sw,変電所,船引,False,,36.89373611186259,140.69794150088313,PQ,4.0,1.9373,0.0,0.0,1.0
385,414.48,897.151,1,junction,,二本松,False,,36.84532529273587,140.42859054393568,PQ,0.0,0.0,0.0,0.0,1.0
386,482.28,909.391,1,substation_or_sw,開閉所,(360205),False,,36.85497803658327,140.29683003080189,PQ,0.0,0.0,0.0,0.0,1.0
387,748.08,290.311,1,junction,,,True,E,37.519142943728205,139.8147136588732,PQ,0.0,0.0,0.0,0.0,1.0
388,612.96,598.351,1,junction,,,False,,37.18777651086398,140.06014286493573,PQ,0.0,0.0,0.0,0.0,1.0
389,236.52,481.951,1,junction,,(361303),False,,37.1796647166953,140.79420556283765,PQ,0.0,0.0,0.0,0.0,1.0
390,257.28,599.431,1,substation_or_sw,開閉所,(360805),False,,37.0758345892368,140.74799075124534,PQ,0.0,0.0,0.0,0.0,1.0
391,315.48,588.991,1,substation_or_sw,開閉所,,False,,37.10378809965092,140.63596779702308,PQ,0.0,0.0,0.0,0.0,1.0
392,673.08,248.671,2,junction,,,False,,37.534849029637854,139.96191686801015,PQ,0.0,0.0,0.0,0.0,1.0
393,661.8,271.231,1,junction,,,True,E/N,37.51014897296646,139.9825685097991,PQ,0.0,0.0,0.0,0.0,1.0
394,476.88,264.631,1,substation_or_sw,変電所,,False,,37.45867384303682,140.34055408232393,PQ,4.0,1.9373,0.0,0.0,1.0
395,498.54,274.711,2,substation_or_sw,変電所,,False,,37.45596472388175,140.29814222198561,PQ,4.0,1.9373,0.0,0.0,1.0
396,471.96,533.551,1,substation_or_sw,開閉所,(360905),False,,37.20464426701893,140.3361889442785,PQ,0.0,0.0,0.0,0.0,1.0
397,371.88,834.691,2,substation_or_sw,開閉所,(360305),False,,36.890684520435144,140.51420511957315,PQ,0.0,0.0,0.0,0.0,1.0
398,413.88,826.591,1,junction,,日和田,False,,36.911388567823245,140.4333930262034,PQ,0.0,0.0,0.0,0.0,1.0
399,254.64,456.331,0,junction,,(361303),True,unknown,37.20937110602115,140.76048295113992,PQ,0.0,0.0,0.0,0.0,1.0
400,626.52,184.771,0,junction,,,True,N,37.58032527926641,140.05526461732498,PQ,0.0,0.0,0.0,0.0,1.0
401,667.2,715.591,1,junction,,(361508),False,,37.09461331730672,139.94918837874687,PQ,0.0,0.0,0.0,0.0,1.0
402,748.08,1013.672,1,junction,,大森,True,E/S,36.839962729963965,139.7773763901359,PQ,0.0,0.0,0.0,0.0,1.0
403,574.44,1098.872,1,junction,,保原,True,S,36.70581243292938,140.10880747284318,PQ,0.0,0.0,0.0,0.0,1.0
404,56.64,670.111,1,junction,,木戸,True,W,36.94689681379369,141.13239070890165,PQ,0.0,0.0,0.0,0.0,1.0
405,498.468,685.21,3,junction,,長沼,False,,37.07051535397055,140.27709300562455,PQ,0.0,0.0,0.0,0.0,1.0
406,477.24,710.431,1,junction,,笹川,False,,37.04021428576948,140.31684724601507,PQ,0.0,0.0,0.0,0.0,1.0
407,487.8,676.231,1,substation_or_sw,変電所,長沼,False,,37.07561885471751,140.298188936242,PQ,4.0,1.9373,0.0,0.0,1.0
413,412.55,965.912,0,substation_or_sw,開閉所,大森,False,,36.780162094895154,140.4287740711952,PQ,0.0,0.0,0.0,0.0,1.0
414,403.4,955.892,0,substation_or_sw,開閉所,金谷川,False,,36.786716441428574,140.44698784344646,PQ,0.0,0.0,0.0,0.0,1.0
415,637.31,735.781,0,substation_or_sw,開閉所,福良(配),False,,37.06633450450396,140.00595505992186,PQ,0.0,0.0,0.0,0.0,1.0
416,649.97,1026.602,0,substation_or_sw,開閉所,(360203),False,,36.797224349512895,139.9664588367837,PQ,0.0,0.0,0.0,0.0,1.0
417,760.37,108.811,0,substation_or_sw,開閉所,,False,,37.69339040169639,139.8003125303028,PQ,0.0,0.0,0.0,0.0,1.0
418,538.98,378.931,1,generator,発電所,,False,,37.37072242441523,140.21454969917423,PQ,0.0,0.0,5.0,2.4216,1.0
419,323.76,352.231,1,generator,発電所,,False,,37.328669816689185,140.6321745377448,PQ,0.0,0.0,5.0,2.4216,1.0
420,263.34,397.951,1,generator,発電所,,False,,37.26689874242146,140.74667006199098,PQ,0.0,0.0,5.0,2.4216,1.0
421,315.78,81.451,1,generator,発電所,,False,,37.580422595110676,140.6615849536408,PQ,0.0,0.0,5.0,2.4216,1.0
422,316.32,654.927,1,source,上位系統電源,小野新町_SRC,False,,37.0045843378895,140.62887516157284,SL,0.0,0.0,0.0,0.0,1.05
423,156.72,480.711,1,source,上位系統電源,湯本第一_SRC,False,,37.11838439829439,140.94654226568238,PV,0.0,0.0,16.0,7.7492,1.05
424,543.66,564.891,1,source,上位系統電源,白河_SRC,False,,37.16002298152176,140.19383510071842,PV,0.0,0.0,16.0,7.7492,1.05
